"1","2","3","4","5","6","7","8","9","10","11","12","13","14","15","16","17","18","19","20","21","22","23","24","25","26","27","28","29"
49,2013-01-01,2013,"201301","20130101",6638.3825,6638.49,6638.5675,6638.6275,6638.69,6638.75,6638.8275,6638.9075,6639.0225,6639.1875,6639.345,6639.5,6639.6525,6639.79,6639.9225,6640.0475,6640.165,6640.3125,6640.5075,6640.7175,6640.9325,6641.1575,6641.39,6641.595
49,2013-01-02,2013,"201301","20130102",6641.74,6641.845,6641.925,6641.985,6642.0425,6642.1,6642.165,6642.23,6642.3375,6642.4925,6642.6775,6642.85,6643,6643.135,6643.255,6643.375,6643.495,6643.6375,6643.835,6644.06,6644.315,6644.565,6644.805,6645.02
49,2013-01-03,2013,"201301","20130103",6645.165,6645.2675,6645.345,6645.4125,6645.475,6645.54,6645.615,6645.7,6645.83,6645.985,6646.1575,6646.32,6646.465,6646.6125,6646.735,6646.85,6646.975,6647.1475,6647.355,6647.58,6647.8175,6648.0425,6648.2725,6648.46
49,2013-01-04,2013,"201301","20130104",6648.6,6648.69,6648.77,6648.83,6648.8825,6648.94,6649.0025,6649.1175,6649.26,6649.415,6649.535,6649.655,6649.7675,6649.8825,6649.98,6650.06,6650.1475,6650.27,6650.4425,6650.645,6650.865,6651.0825,6651.3025,6651.4825
49,2013-01-05,2013,"201301","20130105",6651.6275,6651.72,6651.79,6651.845,6651.895,6651.95,6652.02,6652.11,6652.24,6652.3625,6652.48,6652.585,6652.6875,6652.78,6652.8675,6652.965,6653.06,6653.19,6653.375,6653.575,6653.775,6653.995,6654.215,6654.3925
49,2013-01-06,2013,"201301","20130106",6654.5425,6654.645,6654.7175,6654.7825,6654.84,6654.895,6654.97,6655.05,6655.1875,6655.3225,6655.46,6655.585,6655.705,6655.8175,6655.9075,6655.9975,6656.1025,6656.2275,6656.405,6656.62,6656.8375,6657.0575,6657.2725,6657.4425
49,2013-01-07,2013,"201301","20130107",6657.57,6657.66,6657.7275,6657.7825,6657.835,6657.8875,6657.9525,6658.0475,6658.1775,6658.315,6658.43,6658.535,6658.6525,6658.7475,6658.835,6658.92,6659.0275,6659.14,6659.29,6659.48,6659.68,6659.9,6660.12,6660.2925
49,2013-01-08,2013,"201301","20130108",6660.4175,6660.4875,6660.5475,6660.6,6660.655,6660.71,6660.7825,6660.88,6661.005,6661.14,6661.275,6661.3775,6661.4875,6661.59,6661.6775,6661.76,6661.855,6661.975,6662.155,6662.3625,6662.58,6662.7775,6662.9825,6663.1475
49,2013-01-09,2013,"201301","20130109",6663.265,6663.34,6663.4175,6663.47,6663.52,6663.575,6663.6475,6663.7325,6663.86,6663.9775,6664.105,6664.215,6664.325,6664.42,6664.5,6664.5875,6664.6725,6664.8,6664.96,6665.1325,6665.315,6665.5175,6665.7175,6665.895
49,2013-01-10,2013,"201301","20130110",6666.03,6666.1175,6666.1775,6666.235,6666.2875,6666.345,6666.4275,6666.535,6666.655,6666.77,6666.8975,6667.0125,6667.12,6667.2125,6667.31,6667.4075,6667.4925,6667.6125,6667.785,6667.9725,6668.18,6668.395,6668.595,6668.77
49,2013-01-11,2013,"201301","20130111",6668.905,6669,6669.0675,6669.125,6669.1875,6669.2425,6669.32,6669.425,6669.5525,6669.6775,6669.805,6669.915,6670.025,6670.125,6670.2125,6670.31,6670.4125,6670.5275,6670.6925,6670.895,6671.1,6671.3075,6671.525,6671.725
49,2013-01-12,2013,"201301","20130112",6671.865,6671.965,6672.0375,6672.1,6672.16,6672.215,6672.2875,6672.36,6672.4725,6672.62,6672.785,6672.9425,6673.0975,6673.225,6673.345,6673.45,6673.5675,6673.7325,6673.9275,6674.1225,6674.3275,6674.535,6674.7525,6674.9525
49,2013-01-13,2013,"201301","20130113",6675.105,6675.21,6675.2875,6675.35,6675.415,6675.48,6675.5525,6675.63,6675.74,6675.8925,6676.085,6676.2775,6676.44,6676.5875,6676.73,6676.8625,6676.995,6677.1675,6677.4,6677.6425,6677.87,6678.1075,6678.3425,6678.53
49,2013-01-14,2013,"201301","20130114",6678.6625,6678.755,6678.82,6678.8775,6678.9325,6678.9925,6679.06,6679.1725,6679.325,6679.4875,6679.6075,6679.7475,6679.8575,6679.9575,6680.05,6680.135,6680.2225,6680.36,6680.545,6680.75,6680.96,6681.185,6681.395,6681.565
49,2013-01-15,2013,"201301","20130115",6681.69,6681.7775,6681.84,6681.8925,6681.9425,6681.9975,6682.0725,6682.175,6682.3025,6682.44,6682.565,6682.675,6682.775,6682.88,6682.9675,6683.05,6683.1425,6683.2575,6683.4275,6683.6275,6683.835,6684.035,6684.235,6684.415
49,2013-01-16,2013,"201301","20130116",6684.535,6684.6275,6684.6925,6684.7475,6684.8,6684.8525,6684.92,6685.0075,6685.1325,6685.2825,6685.3925,6685.5025,6685.6075,6685.715,6685.8125,6685.9025,6685.9875,6686.12,6686.3075,6686.51,6686.72,6686.945,6687.1525,6687.325
49,2013-01-17,2013,"201301","20130117",6687.445,6687.53,6687.6,6687.66,6687.72,6687.7825,6687.85,6687.945,6688.0725,6688.1975,6688.34,6688.4725,6688.58,6688.68,6688.77,6688.855,6688.9575,6689.0775,6689.255,6689.4525,6689.655,6689.8675,6690.065,6690.235
49,2013-01-18,2013,"201301","20130118",6690.3675,6690.4575,6690.5225,6690.5825,6690.6425,6690.705,6690.7775,6690.87,6691.0025,6691.1625,6691.315,6691.4425,6691.5675,6691.685,6691.7925,6691.9,6692.0025,6692.14,6692.3075,6692.4925,6692.685,6692.895,6693.145,6693.3625
49,2013-01-19,2013,"201301","20130119",6693.51,6693.62,6693.7075,6693.78,6693.855,6693.92,6693.995,6694.0775,6694.205,6694.375,6694.535,6694.685,6694.82,6694.9625,6695.075,6695.195,6695.3275,6695.485,6695.6875,6695.8975,6696.1125,6696.355,6696.6075,6696.8025
49,2013-01-20,2013,"201301","20130120",6696.945,6697.05,6697.13,6697.1975,6697.265,6697.3325,6697.4075,6697.49,6697.6025,6697.78,6697.9525,6698.12,6698.28,6698.4375,6698.575,6698.695,6698.8375,6698.9975,6699.205,6699.4575,6699.71,6699.9525,6700.1925,6700.3775
49,2013-01-21,2013,"201301","20130121",6700.515,6700.615,6700.685,6700.75,6700.81,6700.8775,6700.9425,6701.04,6701.17,6701.3275,6701.4725,6701.625,6701.7525,6701.865,6701.955,6702.0475,6702.1475,6702.2825,6702.4475,6702.64,6702.85,6703.0625,6703.2775,6703.46
49,2013-01-22,2013,"201301","20130122",6703.595,6703.6975,6703.7675,6703.835,6703.895,6703.96,6704.035,6704.13,6704.265,6704.4,6704.5225,6704.635,6704.76,6704.87,6704.97,6705.0675,6705.16,6705.285,6705.46,6705.6775,6705.91,6706.135,6706.355,6706.54
49,2013-01-23,2013,"201301","20130123",6706.685,6706.78,6706.8575,6706.915,6706.975,6707.035,6707.11,6707.205,6707.3425,6707.5,6707.64,6707.7825,6707.905,6708.0175,6708.1125,6708.205,6708.3025,6708.4425,6708.6125,6708.8025,6708.99,6709.205,6709.415,6709.6
49,2013-01-24,2013,"201301","20130124",6709.7425,6709.84,6709.915,6709.975,6710.0375,6710.1,6710.1775,6710.275,6710.405,6710.565,6710.6925,6710.805,6710.925,6711.0375,6711.1325,6711.2275,6711.325,6711.435,6711.605,6711.81,6712.005,6712.2125,6712.43,6712.615
49,2013-01-25,2013,"201301","20130125",6712.755,6712.8575,6712.9375,6713.0025,6713.065,6713.125,6713.2,6713.2975,6713.445,6713.6,6713.7175,6713.8325,6713.945,6714.0625,6714.1675,6714.27,6714.37,6714.5125,6714.6825,6714.8625,6715.0675,6715.285,6715.4975,6715.7
49,2013-01-26,2013,"201301","20130126",6715.855,6715.965,6716.05,6716.1175,6716.1825,6716.245,6716.3225,6716.405,6716.54,6716.7025,6716.87,6717.0225,6717.16,6717.3025,6717.41,6717.5275,6717.6475,6717.785,6717.95,6718.145,6718.35,6718.5725,6718.8125,6719.0325
49,2013-01-27,2013,"201301","20130127",6719.1925,6719.3,6719.3825,6719.455,6719.5175,6719.58,6719.6525,6719.735,6719.845,6719.9925,6720.1675,6720.3275,6720.475,6720.615,6720.74,6720.855,6721,6721.155,6721.3275,6721.5275,6721.75,6721.9775,6722.195,6722.405
49,2013-01-28,2013,"201301","20130128",6722.54,6722.63,6722.705,6722.76,6722.815,6722.875,6722.95,6723.0425,6723.17,6723.3175,6723.4425,6723.555,6723.66,6723.7675,6723.865,6723.9625,6724.075,6724.21,6724.36,6724.5525,6724.7725,6724.995,6725.215,6725.395
49,2013-01-29,2013,"201301","20130129",6725.52,6725.6175,6725.6875,6725.7525,6725.815,6725.8775,6725.96,6726.05,6726.185,6726.3325,6726.4525,6726.5625,6726.66,6726.765,6726.8625,6726.96,6727.06,6727.18,6727.345,6727.545,6727.755,6727.9575,6728.165,6728.355
49,2013-01-30,2013,"201301","20130130",6728.505,6728.6,6728.67,6728.725,6728.79,6728.8475,6728.9125,6729.0075,6729.135,6729.2925,6729.42,6729.545,6729.65,6729.755,6729.8475,6729.93,6730.03,6730.17,6730.34,6730.5175,6730.7075,6730.9225,6731.1325,6731.3075
49,2013-01-31,2013,"201301","20130131",6731.43,6731.515,6731.58,6731.6375,6731.695,6731.755,6731.82,6731.91,6732.0425,6732.21,6732.345,6732.4575,6732.56,6732.67,6732.7625,6732.8525,6732.955,6733.0875,6733.2675,6733.475,6733.66,6733.855,6734.045,6734.2325
49,2013-02-01,2013,"201302","20130201",6734.365,6734.465,6734.5375,6734.6,6734.66,6734.7225,6734.795,6734.8925,6735.0175,6735.145,6735.26,6735.3675,6735.475,6735.58,6735.675,6735.76,6735.8425,6735.965,6736.1225,6736.3,6736.495,6736.7075,6736.915,6737.1025
49,2013-02-02,2013,"201302","20130202",6737.2575,6737.37,6737.4475,6737.515,6737.575,6737.635,6737.715,6737.805,6737.9175,6738.0825,6738.225,6738.3525,6738.465,6738.5875,6738.695,6738.8025,6738.915,6739.05,6739.21,6739.4125,6739.635,6739.865,6740.09,6740.2975
49,2013-02-03,2013,"201302","20130203",6740.445,6740.555,6740.64,6740.7075,6740.77,6740.83,6740.9,6740.9875,6741.0925,6741.2425,6741.4125,6741.57,6741.725,6741.8675,6742,6742.1275,6742.265,6742.4325,6742.6325,6742.84,6743.0575,6743.28,6743.4975,6743.7075
49,2013-02-04,2013,"201302","20130204",6743.8725,6743.985,6744.08,6744.145,6744.205,6744.26,6744.3325,6744.425,6744.575,6744.74,6744.8825,6745.005,6745.125,6745.24,6745.3475,6745.45,6745.5625,6745.6925,6745.8475,6746.045,6746.245,6746.46,6746.66,6746.8475
49,2013-02-05,2013,"201302","20130205",6746.9925,6747.1075,6747.1875,6747.2575,6747.3225,6747.385,6747.47,6747.56,6747.69,6747.845,6747.97,6748.1075,6748.24,6748.3675,6748.4825,6748.5875,6748.6975,6748.8325,6749.0075,6749.215,6749.4225,6749.63,6749.8575,6750.065
49,2013-02-06,2013,"201302","20130206",6750.2125,6750.325,6750.4075,6750.465,6750.525,6750.585,6750.655,6750.7525,6750.8925,6751.0525,6751.19,6751.315,6751.435,6751.5475,6751.6475,6751.745,6751.85,6751.9875,6752.1425,6752.335,6752.5275,6752.745,6752.9575,6753.1525
49,2013-02-07,2013,"201302","20130207",6753.3025,6753.4,6753.4725,6753.535,6753.5975,6753.66,6753.735,6753.835,6753.9875,6754.1325,6754.255,6754.385,6754.5125,6754.635,6754.7475,6754.865,6754.9925,6755.14,6755.3075,6755.4825,6755.6675,6755.8925,6756.0975,6756.2875
49,2013-02-08,2013,"201302","20130208",6756.435,6756.54,6756.6125,6756.675,6756.74,6756.8,6756.8775,6756.9675,6757.0925,6757.2375,6757.3725,6757.495,6757.6225,6757.745,6757.855,6757.965,6758.085,6758.2275,6758.4225,6758.63,6758.86,6759.0925,6759.3325,6759.54
49,2013-02-09,2013,"201302","20130209",6759.70666666667,6759.785,6759.855,6759.915,6759.975,6760.0325,6760.1075,6760.18,6760.29,6760.455,6760.6325,6760.7925,6760.95,6761.095,6761.2275,6761.355,6761.5075,6761.685,6761.9025,6762.15,6762.385,6762.63,6762.87,6763.1075
49,2013-02-10,2013,"201302","20130210",6763.34,6763.5675,6763.715,6763.7925,6763.8575,6763.9225,6763.995,6764.08,6764.1675,6764.2825,6764.4325,6764.6075,6764.765,6764.9125,6765.0325,6765.14,6765.27,6765.4,6765.5425,6765.73,6765.9275,6766.12,6766.3075,6766.495
49,2013-02-11,2013,"201302","20130211",6766.6325,6766.725,6766.7925,6766.855,6766.9125,6766.975,6767.05,6767.12,6767.215,6767.3625,6767.5375,6767.675,6767.7875,6767.895,6768.0025,6768.125,6768.27,6768.43,6768.6025,6768.7775,6768.95,6769.1375,6769.33,6769.5
49,2013-02-12,2013,"201302","20130212",6769.65,6769.765,6769.845,6769.9075,6769.975,6770.0325,6770.1075,6770.18,6770.285,6770.415,6770.5525,6770.6875,6770.8325,6770.955,6771.075,6771.19,6771.315,6771.4475,6771.59,6771.77,6771.95,6772.135,6772.3325,6772.5025
49,2013-02-13,2013,"201302","20130213",6772.64,6772.7475,6772.825,6772.885,6772.95,6773.0125,6773.0925,6773.165,6773.2675,6773.4175,6773.5825,6773.74,6773.88,6774.02,6774.13,6774.23,6774.3525,6774.505,6774.6625,6774.8475,6775.045,6775.225,6775.41,6775.58
49,2013-02-14,2013,"201302","20130214",6775.7075,6775.805,6775.88,6775.945,6776.0075,6776.07,6776.145,6776.2125,6776.3075,6776.45,6776.6075,6776.745,6776.87,6776.9925,6777.1075,6777.235,6777.38,6777.525,6777.7,6777.88,6778.0625,6778.2625,6778.465,6778.645
49,2013-02-15,2013,"201302","20130215",6778.7725,6778.8625,6778.9425,6779.005,6779.065,6779.13,6779.2075,6779.29,6779.385,6779.52,6779.655,6779.8,6779.9475,6780.0675,6780.185,6780.2975,6780.4125,6780.545,6780.72,6780.925,6781.13,6781.36,6781.6,6781.8
49,2013-02-16,2013,"201302","20130216",6781.9425,6782.03,6782.105,6782.1725,6782.2375,6782.2975,6782.365,6782.4525,6782.5725,6782.7275,6782.87,6783.005,6783.1325,6783.2475,6783.35,6783.45,6783.5675,6783.71,6783.885,6784.095,6784.3375,6784.58,6784.8175,6785.0075
49,2013-02-17,2013,"201302","20130217",6785.145,6785.24,6785.315,6785.3825,6785.4575,6785.525,6785.6,6785.69,6785.82,6785.9725,6786.145,6786.2875,6786.4225,6786.545,6786.6575,6786.76,6786.8875,6787.04,6787.215,6787.42,6787.6425,6787.87,6788.0875,6788.275
49,2013-02-18,2013,"201302","20130218",6788.4225,6788.52,6788.5975,6788.665,6788.73,6788.79,6788.8625,6788.96,6789.115,6789.2775,6789.405,6789.5175,6789.6275,6789.74,6789.845,6789.945,6790.06,6790.195,6790.3575,6790.5575,6790.7725,6791,6791.23,6791.4275
49,2013-02-19,2013,"201302","20130219",6791.575,6791.67,6791.7375,6791.8025,6791.8675,6791.9325,6792.0175,6792.1125,6792.2425,6792.3975,6792.51,6792.6225,6792.735,6792.8525,6792.95,6793.04,6793.1425,6793.2675,6793.4225,6793.63,6793.85,6794.065,6794.2725,6794.475
49,2013-02-20,2013,"201302","20130220",6794.6225,6794.71,6794.785,6794.845,6794.905,6794.97,6795.045,6795.1425,6795.2725,6795.435,6795.555,6795.68,6795.7925,6795.8925,6795.9825,6796.0725,6796.1675,6796.275,6796.43,6796.62,6796.835,6797.0625,6797.28,6797.4725
49,2013-02-21,2013,"201302","20130221",6797.6125,6797.7,6797.7725,6797.8375,6797.9,6797.97,6798.0425,6798.145,6798.29,6798.45,6798.5925,6798.72,6798.84,6798.955,6799.0575,6799.15,6799.245,6799.3675,6799.5225,6799.715,6799.9325,6800.16,6800.3875,6800.5875
49,2013-02-22,2013,"201302","20130222",6800.73,6800.82,6800.8975,6800.955,6801.02,6801.0825,6801.1625,6801.2725,6801.4025,6801.5275,6801.635,6801.75,6801.855,6801.96,6802.0525,6802.1475,6802.2575,6802.375,6802.5325,6802.7275,6802.935,6803.135,6803.3525,6803.5625
49,2013-02-23,2013,"201302","20130223",6803.715,6803.81,6803.89,6803.9625,6804.03,6804.095,6804.17,6804.255,6804.3675,6804.52,6804.6775,6804.825,6804.965,6805.1025,6805.2225,6805.33,6805.445,6805.6025,6805.7775,6805.98,6806.1875,6806.41,6806.6325,6806.8475
49,2013-02-24,2013,"201302","20130224",6806.985,6807.08,6807.1625,6807.23,6807.29,6807.355,6807.4375,6807.53,6807.6375,6807.8025,6807.985,6808.145,6808.29,6808.4325,6808.555,6808.675,6808.81,6808.965,6809.1575,6809.375,6809.59,6809.82,6810.0425,6810.2125
49,2013-02-25,2013,"201302","20130225",6810.3625,6810.47,6810.55,6810.6175,6810.6775,6810.7425,6810.825,6810.93,6811.0775,6811.23,6811.34,6811.45,6811.5625,6811.6675,6811.76,6811.85,6811.955,6812.0575,6812.2,6812.375,6812.585,6812.785,6812.97,6813.1225
49,2013-02-26,2013,"201302","20130226",6813.2375,6813.32,6813.39,6813.455,6813.51,6813.575,6813.6475,6813.7475,6813.88,6814.015,6814.1225,6814.2275,6814.34,6814.43,6814.51,6814.59,6814.675,6814.785,6814.9225,6815.09,6815.285,6815.485,6815.675,6815.8375
49,2013-02-27,2013,"201302","20130227",6815.9725,6816.06,6816.1325,6816.195,6816.26,6816.32,6816.395,6816.505,6816.64,6816.78,6816.8925,6817.015,6817.1275,6817.235,6817.33,6817.41,6817.4925,6817.5975,6817.7525,6817.9525,6818.1875,6818.4,6818.6025,6818.775
49,2013-02-28,2013,"201302","20130228",6818.905,6818.9875,6819.055,6819.1125,6819.17,6819.2325,6819.3025,6819.395,6819.54,6819.69,6819.815,6819.925,6820.0325,6820.1375,6820.2275,6820.3225,6820.4125,6820.535,6820.68,6820.855,6821.0525,6821.245,6821.4375,6821.5875
49,2013-03-01,2013,"201303","20130301",6821.7025,6821.79,6821.855,6821.9175,6821.97,6822.03,6822.0975,6822.21,6822.34,6822.48,6822.59,6822.705,6822.8175,6822.9225,6823.0275,6823.12,6823.2175,6823.34,6823.4675,6823.64,6823.8475,6824.065,6824.2825,6824.4675
49,2013-03-02,2013,"201303","20130302",6824.615,6824.72,6824.7975,6824.8625,6824.925,6824.9925,6825.0625,6825.1375,6825.2475,6825.39,6825.5425,6825.665,6825.785,6825.905,6826.0225,6826.1325,6826.2525,6826.395,6826.54,6826.72,6826.935,6827.145,6827.35,6827.5375
49,2013-03-03,2013,"201303","20130303",6827.685,6827.78,6827.855,6827.92,6827.98,6828.035,6828.11,6828.1875,6828.3025,6828.4675,6828.625,6828.7725,6828.93,6829.065,6829.185,6829.295,6829.415,6829.5425,6829.6925,6829.885,6830.09,6830.3225,6830.5525,6830.73
49,2013-03-04,2013,"201303","20130304",6830.8625,6830.95,6831.0175,6831.08333333333,6831.14,6831.1925,6831.27,6831.36,6831.5,6831.645,6831.765,6831.88,6831.9825,6832.075,6832.1625,6832.2425,6832.345,6832.465,6832.6025,6832.775,6832.9825,6833.1775,6833.3625,6833.53
49,2013-03-05,2013,"201303","20130305",6833.66,6833.745,6833.8025,6833.86,6833.915,6833.9675,6834.04,6834.13,6834.2675,6834.3925,6834.49,6834.5975,6834.7,6834.7975,6834.88,6834.96,6835.0475,6835.1675,6835.295,6835.45,6835.66,6835.8875,6836.1075,6836.275
49,2013-03-06,2013,"201303","20130306",6836.4,6836.4825,6836.5475,6836.6025,6836.6525,6836.7075,6836.7775,6836.8825,6837.0275,6837.165,6837.27,6837.3875,6837.5075,6837.615,6837.705,6837.7925,6837.8975,6838.015,6838.1525,6838.33,6838.52,6838.705,6838.8875,6839.0475
49,2013-03-07,2013,"201303","20130307",6839.175,6839.2575,6839.32,6839.3725,6839.43,6839.4875,6839.56,6839.665,6839.8075,6839.935,6840.0525,6840.16,6840.2575,6840.355,6840.45,6840.53,6840.62,6840.745,6840.8925,6841.0525,6841.24,6841.4475,6841.645,6841.805
49,2013-03-08,2013,"201303","20130308",6841.9375,6842.025,6842.0875,6842.1425,6842.195,6842.255,6842.3275,6842.4425,6842.58,6842.7325,6842.8425,6842.9475,6843.04,6843.145,6843.25,6843.345,6843.4525,6843.585,6843.73,6843.905,6844.1,6844.33,6844.56,6844.7575
49,2013-03-09,2013,"201303","20130309",6844.8925,6844.98,6845.045,6845.1,6845.155,6845.2275,6845.3,6845.3825,6845.5075,6845.655,6845.7975,6845.945,6846.09,6846.215,6846.3275,6846.435,6846.5375,6846.665,6846.825,6847.0175,6847.24,6847.4575,6847.6725,6847.8475
49,2013-03-10,2013,"201303","20130310",6847.98,6848.0725,6848.1475,6848.205,6848.2675,6848.33,6848.4025,6848.5,6848.605,6848.735,6848.875,6849.005,6849.135,6849.265,6849.385,6849.505,6849.63,6849.78,6849.9575,6850.155,6850.365,6850.59,6850.805,6850.985
49,2013-03-11,2013,"201303","20130311",6851.105,6851.1975,6851.265,6851.3175,6851.37,6851.4275,6851.5025,6851.6175,6851.755,6851.8925,6852.0125,6852.1275,6852.2275,6852.3225,6852.405,6852.4825,6852.575,6852.68,6852.8125,6852.9775,6853.1775,6853.3775,6853.585,6853.745
49,2013-03-12,2013,"201303","20130312",6853.87,6853.95,6854.01,6854.0675,6854.125,6854.19,6854.2725,6854.385,6854.5125,6854.6525,6854.7675,6854.87,6854.975,6855.0775,6855.16,6855.2475,6855.35,6855.465,6855.6175,6855.805,6856.0175,6856.2225,6856.4025,6856.555
49,2013-03-13,2013,"201303","20130313",6856.68,6856.7575,6856.82,6856.8725,6856.9225,6856.9775,6857.0475,6857.1475,6857.305,6857.455,6857.5725,6857.6825,6857.7875,6857.88,6857.9675,6858.045,6858.1375,6858.28,6858.415,6858.58,6858.76,6858.9575,6859.1725,6859.3375
49,2013-03-14,2013,"201303","20130314",6859.4725,6859.5575,6859.6225,6859.6775,6859.7325,6859.7925,6859.865,6859.9675,6860.1075,6860.2425,6860.3425,6860.45,6860.5475,6860.65,6860.74,6860.86,6860.9725,6861.08,6861.205,6861.3625,6861.5475,6861.76,6861.9825,6862.155
49,2013-03-15,2013,"201303","20130315",6862.27,6862.35,6862.41,6862.4675,6862.52,6862.58,6862.655,6862.765,6862.9075,6863.04,6863.145,6863.235,6863.33,6863.425,6863.515,6863.615,6863.73,6863.855,6863.985,6864.17,6864.3625,6864.575,6864.775,6864.9525
49,2013-03-16,2013,"201303","20130316",6865.08,6865.17,6865.2375,6865.3,6865.3625,6865.43,6865.515,6865.6125,6865.7425,6865.8775,6866.005,6866.1425,6866.28,6866.4025,6866.5175,6866.6125,6866.7125,6866.84,6866.99,6867.16,6867.3625,6867.5875,6867.805,6867.9875
49,2013-03-17,2013,"201303","20130317",6868.12,6868.21,6868.285,6868.345,6868.4,6868.46,6868.52,6868.605,6868.7275,6868.87,6869.005,6869.16,6869.3025,6869.425,6869.5375,6869.64,6869.755,6869.89,6870.065,6870.275,6870.5,6870.735,6870.9625,6871.135
49,2013-03-18,2013,"201303","20130318",6871.2575,6871.34,6871.4075,6871.46,6871.51,6871.5675,6871.64,6871.7525,6871.9,6872.035,6872.145,6872.26,6872.3625,6872.465,6872.5525,6872.645,6872.75,6872.8675,6873,6873.1775,6873.375,6873.575,6873.7725,6873.9425
49,2013-03-19,2013,"201303","20130319",6874.07,6874.1675,6874.2375,6874.3,6874.3625,6874.42,6874.5025,6874.615,6874.76,6874.8975,6875.005,6875.1,6875.195,6875.295,6875.38,6875.46,6875.565,6875.69,6875.855,6876.0725,6876.31,6876.5375,6876.755,6876.94
49,2013-03-20,2013,"201303","20130320",6877.085,6877.1825,6877.2575,6877.325,6877.3925,6877.4575,6877.54,6877.6575,6877.82,6877.98,6878.11,6878.24,6878.3475,6878.44,6878.52,6878.6,6878.7025,6878.825,6878.955,6879.1525,6879.3875,6879.64,6879.885,6880.085
49,2013-03-21,2013,"201303","20130321",6880.2275,6880.335,6880.42,6880.4925,6880.5625,6880.64,6880.7225,6880.855,6881.0125,6881.1725,6881.2875,6881.3925,6881.4925,6881.59,6881.68,6881.78,6881.88,6881.99,6882.14,6882.33,6882.58,6882.84,6883.07,6883.2825
49,2013-03-22,2013,"201303","20130322",6883.4425,6883.555,6883.6425,6883.72,6883.79,6883.87,6883.9675,6884.11,6884.2625,6884.385,6884.4775,6884.59,6884.6875,6884.78,6884.86,6884.9475,6885.055,6885.19,6885.3675,6885.605,6885.875,6886.18,6886.49,6886.7625
49,2013-03-23,2013,"201303","20130323",6886.9475,6887.085,6887.1925,6887.295,6887.395,6887.49,6887.6075,6887.745,6887.9275,6888.115,6888.2975,6888.4775,6888.64,6888.795,6888.9375,6889.065,6889.1925,6889.36,6889.5475,6889.7925,6890.105,6890.4275,6890.7875,6891.1125
49,2013-03-24,2013,"201303","20130324",6891.3675,6891.5575,6891.7125,6891.85,6891.9825,6892.1075,6892.26,6892.43,6892.6225,6892.8225,6892.9925,6893.1675,6893.335,6893.51,6893.6375,6893.77,6893.9225,6894.105,6894.3325,6894.6175,6894.945,6895.325,6895.6925,6896.0025
49,2013-03-25,2013,"201303","20130325",6896.2375,6896.39,6896.515,6896.63,6896.7375,6896.8475,6896.98,6897.1625,6897.36,6897.535,6897.6775,6897.8125,6897.95,6898.075,6898.195,6898.315,6898.4475,6898.6075,6898.8225,6899.0625,6899.355,6899.7325,6900.0975,6900.3875
49,2013-03-26,2013,"201303","20130326",6900.5975,6900.75,6900.8825,6900.9975,6901.115,6901.235,6901.385,6901.585,6901.78,6901.9525,6902.075,6902.195,6902.3225,6902.4425,6902.555,6902.6725,6902.7975,6902.935,6903.11,6903.34,6903.6625,6904.025,6904.38,6904.6925
49,2013-03-27,2013,"201303","20130327",6904.925,6905.09,6905.2325,6905.37,6905.5025,6905.6325,6905.7775,6905.975,6906.1825,6906.3575,6906.485,6906.6025,6906.71,6906.8075,6906.89,6906.965,6907.08,6907.2125,6907.365,6907.5825,6907.8675,6908.205,6908.5725,6908.8775
49,2013-03-28,2013,"201303","20130328",6909.095,6909.265,6909.3975,6909.515,6909.635,6909.755,6909.89,6910.0775,6910.285,6910.4675,6910.6025,6910.72,6910.8275,6910.95,6911.0525,6911.15,6911.245,6911.3725,6911.535,6911.7875,6912.13,6912.505,6912.8875,6913.2075
49,2013-03-29,2013,"201303","20130329",6913.435,6913.6075,6913.7475,6913.875,6913.985,6914.105,6914.2425,6914.445,6914.635,6914.7925,6914.9025,6914.995,6915.1025,6915.2025,6915.305,6915.415,6915.5525,6915.71,6915.8975,6916.1625,6916.5075,6916.9175,6917.3325,6917.6975
49,2013-03-30,2013,"201303","20130330",6917.9575,6918.1575,6918.3125,6918.44,6918.5725,6918.695,6918.835,6919.0225,6919.24,6919.4475,6919.64,6919.805,6919.9525,6920.11,6920.235,6920.355,6920.4775,6920.625,6920.8325,6921.115,6921.4875,6921.9275,6922.375,6922.725
49,2013-03-31,2013,"201303","20130331",6922.95,6923.1075,6923.24,6923.3725,6923.5025,6923.635,6923.7875,6923.9575,6924.185,6924.4225,6924.635,6924.85,6925.08,6925.3,6925.495,6925.6825,6925.8775,6926.1025,6926.355,6926.6175,6926.935,6927.315,6927.71,6928.0775
49,2013-04-01,2013,"201304","20130401",6928.3375,6928.53,6928.68,6928.82,6928.96,6929.085,6929.2325,6929.435,6929.6475,6929.8025,6929.92,6930.0275,6930.145,6930.2475,6930.35,6930.45,6930.5775,6930.71,6930.875,6931.1075,6931.42,6931.785,6932.1425,6932.46
49,2013-04-02,2013,"201304","20130402",6932.6925,6932.8525,6932.99,6933.12,6933.245,6933.365,6933.5175,6933.735,6933.9725,6934.1525,6934.2825,6934.3975,6934.51,6934.6175,6934.73,6934.8225,6934.925,6935.0625,6935.2475,6935.49,6935.8,6936.14,6936.495,6936.81
49,2013-04-03,2013,"201304","20130403",6937.0325,6937.195,6937.3275,6937.4425,6937.5625,6937.6825,6937.82,6938.01,6938.21,6938.37,6938.4875,6938.61,6938.725,6938.835,6938.9275,6939.0125,6939.11,6939.245,6939.425,6939.6575,6939.945,6940.2925,6940.645,6940.9725
49,2013-04-04,2013,"201304","20130404",6941.2125,6941.37,6941.5125,6941.645,6941.77,6941.8975,6942.04,6942.215,6942.39,6942.575,6942.765,6942.9675,6943.175,6943.375,6943.5325,6943.6925,6943.875,6944.1075,6944.39,6944.7,6945.0525,6945.46,6945.855,6946.2025
49,2013-04-05,2013,"201304","20130405",6946.4575,6946.6375,6946.7925,6946.915,6947.045,6947.17,6947.32,6947.49,6947.69,6947.9275,6948.1625,6948.39,6948.5925,6948.755,6948.9025,6949.0275,6949.175,6949.355,6949.565,6949.845,6950.1675,6950.54,6950.9275,6951.2625
49,2013-04-06,2013,"201304","20130406",6951.525,6951.735,6951.92,6952.0725,6952.2125,6952.3525,6952.515,6952.705,6952.9225,6953.1425,6953.3175,6953.505,6953.68,6953.825,6953.955,6954.085,6954.2225,6954.3675,6954.5375,6954.74,6955.0175,6955.3775,6955.7475,6956.07
49,2013-04-07,2013,"201304","20130407",6956.31,6956.485,6956.625,6956.735,6956.8425,6956.955,6957.09,6957.255,6957.4325,6957.5975,6957.7275,6957.8675,6958.0025,6958.125,6958.2375,6958.3425,6958.465,6958.6125,6958.8225,6959.095,6959.3925,6959.745,6960.0975,6960.4275
49,2013-04-08,2013,"201304","20130408",6960.6725,6960.8325,6960.9625,6961.075,6961.1875,6961.295,6961.4425,6961.6275,6961.8275,6962.01,6962.1525,6962.29,6962.42,6962.54,6962.6425,6962.7375,6962.8475,6962.9975,6963.1675,6963.4125,6963.7275,6964.11,6964.4975,6964.82
49,2013-04-09,2013,"201304","20130409",6965.05,6965.22,6965.3575,6965.475,6965.5925,6965.705,6965.855,6966.0475,6966.265,6966.4325,6966.5475,6966.665,6966.77,6966.87,6966.9525,6967.035,6967.135,6967.27,6967.4575,6967.7075,6968.04,6968.4125,6968.8025,6969.145
49,2013-04-10,2013,"201304","20130410",6969.4075,6969.5975,6969.745,6969.88,6970.01,6970.1475,6970.2975,6970.495,6970.72,6970.9175,6971.055,6971.1775,6971.295,6971.405,6971.5025,6971.5925,6971.7075,6971.8525,6972.0075,6972.22,6972.5025,6972.875,6973.245,6973.5775
49,2013-04-11,2013,"201304","20130411",6973.82,6973.99,6974.135,6974.255,6974.375,6974.5025,6974.66,6974.855,6975.0575,6975.2275,6975.335,6975.4425,6975.555,6975.66,6975.745,6975.8375,6975.9325,6976.05,6976.2,6976.3925,6976.6325,6976.905,6977.1825,6977.4475
49,2013-04-12,2013,"201304","20130412",6977.6725,6977.835,6977.97,6978.0975,6978.225,6978.345,6978.49,6978.6775,6978.89,6979.0575,6979.175,6979.2825,6979.3925,6979.495,6979.5825,6979.6725,6979.7725,6979.9125,6980.055,6980.225,6980.4425,6980.7025,6981.0025,6981.285
49,2013-04-13,2013,"201304","20130413",6981.515,6981.7025,6981.845,6981.95,6982.055,6982.16,6982.2875,6982.4425,6982.6225,6982.8125,6982.98,6983.1375,6983.28,6983.415,6983.545,6983.665,6983.79,6983.9225,6984.07,6984.2575,6984.4925,6984.765,6985.045,6985.3125
49,2013-04-14,2013,"201304","20130414",6985.535,6985.685,6985.7925,6985.895,6985.985,6986.0825,6986.19,6986.32,6986.5025,6986.72,6986.895,6987.0675,6987.23,6987.3825,6987.505,6987.615,6987.7425,6987.9125,6988.0875,6988.27,6988.5,6988.76,6989.025,6989.2625
49,2013-04-15,2013,"201304","20130415",6989.4575,6989.595,6989.7025,6989.79,6989.8725,6989.955,6990.065,6990.205,6990.38,6990.525,6990.635,6990.7575,6990.865,6990.97,6991.06,6991.15,6991.2525,6991.375,6991.51,6991.685,6991.91,6992.1625,6992.435,6992.635
49,2013-04-16,2013,"201304","20130416",6992.78,6992.88,6992.96,6993.04,6993.12,6993.2,6993.2975,6993.4425,6993.6275,6993.775,6993.905,6994.0125,6994.12,6994.2175,6994.31,6994.4,6994.5025,6994.6325,6994.7725,6994.935,6995.15,6995.39,6995.615,6995.825
49,2013-04-17,2013,"201304","20130417",6995.9975,6996.115,6996.21,6996.3,6996.39,6996.475,6996.585,6996.7275,6996.89,6997.035,6997.1475,6997.24,6997.3425,6997.445,6997.53,6997.61,6997.705,6997.8275,6997.9725,6998.14,6998.3525,6998.5825,6998.82,6999.0325
49,2013-04-18,2013,"201304","20130418",6999.19,6999.3125,6999.4075,6999.495,6999.58,6999.6675,6999.775,6999.9125,7000.0925,7000.2475,7000.375,7000.505,7000.625,7000.7275,7000.82,7000.9075,7001.0075,7001.125,7001.275,7001.44,7001.66,7001.9025,7002.15,7002.355
49,2013-04-19,2013,"201304","20130419",7002.5025,7002.6125,7002.7025,7002.7825,7002.87,7002.9525,7003.06,7003.2025,7003.3875,7003.5475,7003.66,7003.775,7003.885,7003.9925,7004.1,7004.2075,7004.3325,7004.485,7004.675,7004.89,7005.145,7005.425,7005.695,7005.94
49,2013-04-20,2013,"201304","20130420",7006.11,7006.235,7006.355,7006.46,7006.565,7006.6675,7006.7925,7006.94,7007.1125,7007.2975,7007.475,7007.6375,7007.7725,7007.895,7008.005,7008.105,7008.205,7008.3275,7008.455,7008.605,7008.8175,7009.0675,7009.3725,7009.6475
49,2013-04-21,2013,"201304","20130421",7009.855,7009.995,7010.095,7010.19,7010.285,7010.38,7010.495,7010.6175,7010.78,7010.975,7011.15,7011.31,7011.4525,7011.585,7011.7125,7011.835,7011.985,7012.165,7012.3325,7012.5425,7012.7975,7013.06,7013.315,7013.5475
49,2013-04-22,2013,"201304","20130422",7013.7325,7013.855,7013.95,7014.0375,7014.1225,7014.205,7014.3125,7014.46,7014.63,7014.7775,7014.905,7015.0275,7015.16,7015.275,7015.3825,7015.4875,7015.6075,7015.74,7015.9025,7016.1,7016.34,7016.6075,7016.87,7017.095
49,2013-04-23,2013,"201304","20130423",7017.275,7017.395,7017.49,7017.57,7017.65,7017.7325,7017.84,7017.9875,7018.1525,7018.325,7018.4625,7018.59,7018.715,7018.83,7018.9325,7019.0325,7019.145,7019.2675,7019.41,7019.5875,7019.82,7020.0725,7020.3275,7020.545
49,2013-04-24,2013,"201304","20130424",7020.715,7020.835,7020.9225,7021.015,7021.1,7021.18,7021.2975,7021.4425,7021.6,7021.7375,7021.8525,7021.9825,7022.12,7022.2275,7022.3275,7022.415,7022.5275,7022.66,7022.82,7022.9675,7023.1675,7023.39,7023.645,7023.88
49,2013-04-25,2013,"201304","20130425",7024.0425,7024.155,7024.24,7024.315,7024.39,7024.47,7024.5575,7024.685,7024.84,7025,7025.1375,7025.26,7025.3725,7025.475,7025.57,7025.66,7025.77,7025.8875,7026.02,7026.2025,7026.4225,7026.65,7026.8775,7027.0725
49,2013-04-26,2013,"201304","20130426",7027.23,7027.345,7027.42,7027.4925,7027.565,7027.64,7027.73,7027.8525,7028.0175,7028.18,7028.31,7028.42,7028.5175,7028.605,7028.69,7028.78,7028.8675,7028.9875,7029.125,7029.285,7029.475,7029.71,7029.9575,7030.1825
49,2013-04-27,2013,"201304","20130427",7030.3575,7030.4775,7030.5625,7030.6375,7030.71,7030.78,7030.87,7030.985,7031.145,7031.2975,7031.42,7031.53,7031.6325,7031.72,7031.8,7031.89,7031.985,7032.095,7032.2325,7032.405,7032.605,7032.8125,7033.0375,7033.255
49,2013-04-28,2013,"201304","20130428",7033.4125,7033.5,7033.5775,7033.645,7033.705,7033.77,7033.85,7033.9775,7034.145,7034.305,7034.42,7034.54,7034.6425,7034.7425,7034.8425,7034.9425,7035.0575,7035.19,7035.34,7035.505,7035.7,7035.93,7036.17,7036.395
49,2013-04-29,2013,"201304","20130429",7036.5575,7036.6625,7036.75,7036.82,7036.8975,7036.9675,7037.0575,7037.1625,7037.31,7037.475,7037.6275,7037.7875,7037.9275,7038.04,7038.165,7038.2825,7038.3875,7038.52,7038.645,7038.79,7038.985,7039.185,7039.3975,7039.605
49,2013-04-30,2013,"201304","20130430",7039.7825,7039.8825,7039.955,7040.02,7040.0775,7040.135,7040.21,7040.315,7040.45,7040.6025,7040.7175,7040.8425,7040.965,7041.0825,7041.19,7041.295,7041.41,7041.555,7041.6925,7041.8375,7042.02,7042.22,7042.4475,7042.6525
49,2013-05-01,2013,"201305","20130501",7042.805,7042.9,7042.9775,7043.0475,7043.115,7043.18,7043.27,7043.39,7043.5225,7043.6775,7043.8175,7043.9575,7044.095,7044.225,7044.3375,7044.4625,7044.5775,7044.72,7044.8925,7045.085,7045.3025,7045.53,7045.75,7045.955
49,2013-05-02,2013,"201305","20130502",7046.105,7046.2,7046.27,7046.3325,7046.39,7046.4475,7046.5175,7046.6575,7046.805,7046.935,7047.0425,7047.15,7047.2475,7047.335,7047.42,7047.5075,7047.615,7047.7425,7047.8975,7048.075,7048.2725,7048.4875,7048.7025,7048.8775
49,2013-05-03,2013,"201305","20130503",7049.0025,7049.085,7049.1575,7049.2125,7049.27,7049.325,7049.4025,7049.5125,7049.6525,7049.795,7049.9,7050.01,7050.1175,7050.215,7050.31,7050.4075,7050.505,7050.6225,7050.745,7050.8825,7051.0625,7051.2725,7051.4975,7051.705
49,2013-05-04,2013,"201305","20130504",7051.865,7051.96,7052.035,7052.1075,7052.175,7052.2375,7052.31,7052.4,7052.5375,7052.6825,7052.84,7052.985,7053.1125,7053.245,7053.3525,7053.46,7053.575,7053.6925,7053.825,7053.975,7054.1525,7054.35,7054.565,7054.785
49,2013-05-05,2013,"201305","20130505",7054.9525,7055.0775,7055.1575,7055.2225,7055.28,7055.345,7055.4225,7055.5325,7055.655,7055.795,7055.9225,7056.0575,7056.185,7056.3125,7056.43,7056.5425,7056.665,7056.83,7056.9975,7057.1725,7057.3575,7057.56,7057.79,7057.985
49,2013-05-06,2013,"201305","20130506",7058.1425,7058.25,7058.32,7058.38,7058.44,7058.5,7058.58,7058.6975,7058.825,7058.94,7059.035,7059.14,7059.2325,7059.3225,7059.41,7059.5,7059.595,7059.705,7059.8325,7060.0025,7060.195,7060.405,7060.6125,7060.7975
49,2013-05-07,2013,"201305","20130507",7060.9275,7061.02,7061.0875,7061.1475,7061.205,7061.26,7061.3375,7061.4625,7061.59,7061.7125,7061.8075,7061.9075,7062,7062.0925,7062.1725,7062.26,7062.3475,7062.455,7062.5875,7062.745,7062.9325,7063.135,7063.33,7063.515
49,2013-05-08,2013,"201305","20130508",7063.67,7063.77,7063.8375,7063.9025,7063.96,7064.015,7064.085,7064.195,7064.315,7064.4325,7064.55,7064.6525,7064.7475,7064.84,7064.92,7064.995,7065.085,7065.205,7065.33,7065.48,7065.6575,7065.865,7066.0625,7066.2225
49,2013-05-09,2013,"201305","20130509",7066.3525,7066.45,7066.5225,7066.58,7066.6375,7066.695,7066.77,7066.875,7067.0025,7067.1325,7067.2425,7067.3475,7067.43,7067.52,7067.5925,7067.68,7067.7725,7067.8875,7068.015,7068.1425,7068.33,7068.5325,7068.715,7068.8775
49,2013-05-10,2013,"201305","20130510",7069,7069.0875,7069.1525,7069.205,7069.26,7069.31,7069.3825,7069.4975,7069.615,7069.74,7069.845,7069.95,7070.0575,7070.15,7070.22,7070.3025,7070.3925,7070.505,7070.625,7070.7525,7070.925,7071.1375,7071.3625,7071.54
49,2013-05-11,2013,"201305","20130511",7071.665,7071.75,7071.8275,7071.895,7071.955,7072.01,7072.0775,7072.1925,7072.3225,7072.4625,7072.585,7072.6975,7072.815,7072.9275,7073.02,7073.105,7073.1975,7073.305,7073.425,7073.5625,7073.7425,7073.9625,7074.1775,7074.375
49,2013-05-12,2013,"201305","20130512",7074.515,7074.62,7074.695,7074.77,7074.8375,7074.905,7074.9775,7075.0675,7075.1975,7075.335,7075.4625,7075.5825,7075.69,7075.79,7075.8825,7075.98,7076.1075,7076.2425,7076.3825,7076.5375,7076.715,7076.925,7077.1125,7077.295
49,2013-05-13,2013,"201305","20130513",7077.445,7077.555,7077.645,7077.72,7077.7925,7077.8575,7077.9375,7078.0525,7078.185,7078.2925,7078.3925,7078.495,7078.585,7078.67,7078.7425,7078.82,7078.915,7079.0325,7079.155,7079.3075,7079.49,7079.685,7079.865,7080.0275
49,2013-05-14,2013,"201305","20130514",7080.14,7080.22,7080.285,7080.3425,7080.3975,7080.4525,7080.5375,7080.6375,7080.7475,7080.8475,7080.9375,7081.0325,7081.1225,7081.205,7081.28,7081.36,7081.43,7081.5325,7081.6625,7081.8125,7081.995,7082.1975,7082.405,7082.5975
49,2013-05-15,2013,"201305","20130515",7082.74,7082.83,7082.8975,7082.9575,7083.02,7083.075,7083.1475,7083.2775,7083.405,7083.515,7083.6025,7083.6975,7083.7875,7083.8825,7083.9575,7084.03,7084.11,7084.2275,7084.365,7084.5275,7084.7125,7084.905,7085.11,7085.29
49,2013-05-16,2013,"201305","20130516",7085.425,7085.5075,7085.575,7085.64,7085.705,7085.76,7085.84,7085.9575,7086.11,7086.2425,7086.34,7086.4425,7086.535,7086.62,7086.705,7086.7975,7086.89,7087.015,7087.1275,7087.275,7087.45,7087.6425,7087.85,7088.04
49,2013-05-17,2013,"201305","20130517",7088.17,7088.255,7088.32,7088.375,7088.435,7088.49,7088.5675,7088.665,7088.7975,7088.9325,7089.0275,7089.1225,7089.22,7089.3125,7089.39,7089.47,7089.5525,7089.6675,7089.8075,7089.9525,7090.1375,7090.3325,7090.525,7090.69
49,2013-05-18,2013,"201305","20130518",7090.835,7090.94,7091.01,7091.0775,7091.14,7091.21,7091.2975,7091.4125,7091.535,7091.6575,7091.775,7091.91,7092.035,7092.1425,7092.2425,7092.3325,7092.4275,7092.5425,7092.6675,7092.8125,7092.9925,7093.1725,7093.365,7093.5475
49,2013-05-19,2013,"201305","20130519",7093.6725,7093.755,7093.825,7093.885,7093.9375,7093.9925,7094.07,7094.16,7094.285,7094.415,7094.5475,7094.68,7094.805,7094.9175,7095.025,7095.115,7095.23,7095.3725,7095.53,7095.715,7095.9175,7096.145,7096.3625,7096.525
49,2013-05-20,2013,"201305","20130520",7096.6525,7096.74,7096.81,7096.8675,7096.9225,7096.975,7097.0525,7097.16,7097.2875,7097.4125,7097.5025,7097.6125,7097.7075,7097.7975,7097.8875,7097.97,7098.0575,7098.18,7098.305,7098.445,7098.625,7098.825,7099.03,7099.1975
49,2013-05-21,2013,"201305","20130521",7099.3325,7099.42,7099.49,7099.545,7099.6,7099.6625,7099.7425,7099.86,7099.9975,7100.12,7100.2125,7100.315,7100.415,7100.5025,7100.5875,7100.6725,7100.76,7100.8575,7101.01,7101.185,7101.375,7101.575,7101.775,7101.9675
49,2013-05-22,2013,"201305","20130522",7102.105,7102.2025,7102.2675,7102.32,7102.375,7102.425,7102.4975,7102.605,7102.725,7102.8375,7102.945,7103.05,7103.1625,7103.2575,7103.345,7103.43,7103.5175,7103.63,7103.75,7103.915,7104.095,7104.2975,7104.5125,7104.7
49,2013-05-23,2013,"201305","20130523",7104.79,7104.88,7104.95,7105.02,7105.07,7105.13,7105.19,7105.31,7105.43,7105.55,7105.66,7105.74,7105.83,7105.91,7105.99,7106.06,7106.13,7106.22,7106.34,7106.48,7106.67,7106.88,7107.11,7107.32
49,2013-05-24,2013,"201305","20130524",7107.5225,7107.6175,7107.6875,7107.75,7107.805,7107.86,7107.945,7108.045,7108.1625,7108.2775,7108.3575,7108.44,7108.5375,7108.635,7108.725,7108.83,7108.935,7109.0725,7109.2075,7109.35,7109.5225,7109.73,7109.9375,7110.115
49,2013-05-25,2013,"201305","20130525",7110.2725,7110.37,7110.4375,7110.4975,7110.55,7110.6075,7110.6725,7110.7525,7110.8925,7111.0325,7111.145,7111.2675,7111.395,7111.51,7111.605,7111.7,7111.805,7111.925,7112.0575,7112.21,7112.3925,7112.615,7112.8425,7113.05
49,2013-05-26,2013,"201305","20130526",7113.205,7113.3075,7113.38,7113.445,7113.51,7113.57,7113.64,7113.7225,7113.8625,7114.0125,7114.135,7114.255,7114.375,7114.49,7114.585,7114.6875,7114.805,7114.9425,7115.1,7115.2725,7115.475,7115.69,7115.915,7116.095
49,2013-05-27,2013,"201305","20130527",7116.21,7116.29,7116.3575,7116.4125,7116.47,7116.525,7116.6,7116.7,7116.8175,7116.9275,7117,7117.095,7117.1875,7117.27,7117.3525,7117.4325,7117.5275,7117.6425,7117.7925,7117.945,7118.135,7118.335,7118.53,7118.685
49,2013-05-28,2013,"201305","20130528",7118.76,7118.86,7118.93,7118.99,7119.04,7119.09,7119.15,0,7119.37,7119.47,7119.56,0,7119.76,7119.84,7119.92,7119.99,7120.08,7120.16,7120.27,0,0,7120.77,7120.99,7121.19
49,2013-05-29,2013,"201305","20130529",7121.375,7121.45,7121.51,7121.57,7121.625,7121.685,7121.755,7121.845,7121.97,7122.09,7122.185,7122.2875,7122.385,7122.48,7122.5575,7122.63,7122.7275,7122.845,7122.9575,7123.0825,7123.245,7123.4425,7123.64,7123.8075
49,2013-05-30,2013,"201305","20130530",7123.93,7124.02,7124.0975,7124.1625,7124.2175,7124.275,7124.3475,7124.45,7124.585,7124.69,7124.7775,7124.8725,7124.96,7125.04,7125.13,7125.245,7125.34,7125.4425,7125.5775,7125.73,7125.8975,7126.115,7126.34,7126.5175
49,2013-05-31,2013,"201305","20130531",7126.655,7126.76,7126.8375,7126.9,7126.965,7127.025,7127.1075,7127.2075,7127.335,7127.4575,7127.5425,7127.6425,7127.7425,7127.84,7127.93,7128.015,7128.1225,7128.24,7128.3825,7128.53,7128.715,7128.925,7129.15,7129.335
49,2013-06-01,2013,"201306","20130601",7129.475,7129.58,7129.655,7129.715,7129.77,7129.83,7129.905,7130.0025,7130.1475,7130.3025,7130.42,7130.545,7130.665,7130.7725,7130.8775,7130.9625,7131.06,7131.1775,7131.3125,7131.46,7131.6325,7131.815,7132.005,7132.2025
49,2013-06-02,2013,"201306","20130602",7132.355,7132.45,7132.5275,7132.59,7132.645,7132.7,7132.7725,7132.8575,7132.99,7133.115,7133.2375,7133.38,7133.5125,7133.6275,7133.73,7133.845,7133.975,7134.1125,7134.2775,7134.4675,7134.665,7134.87,7135.09,7135.3025
49,2013-06-03,2013,"201306","20130603",7135.455,7135.5575,7135.64,7135.715,7135.7825,7135.8475,7135.9325,7136.0325,7136.18,7136.3125,7136.4225,7136.535,7136.6525,7136.765,7136.8625,7136.95,7137.04,7137.16,7137.2975,7137.4575,7137.6375,7137.85,7138.085,7138.27
49,2013-06-04,2013,"201306","20130604",7138.4175,7138.5275,7138.6125,7138.675,7138.745,7138.81,7138.8875,7139,7139.14,7139.245,7139.33,7139.425,7139.5175,7139.615,7139.7,7139.785,7139.875,7139.985,7140.12,7140.275,7140.45,7140.6625,7140.87,7141.035
49,2013-06-05,2013,"201306","20130605",7141.16,7141.245,7141.315,7141.3775,7141.435,7141.5,7141.5875,7141.68,7141.795,7141.9025,7141.9975,7142.1,7142.1975,7142.285,7142.3575,7142.4225,7142.5025,7142.605,7142.7325,7142.88,7143.055,7143.2525,7143.4575,7143.6225
49,2013-06-06,2013,"201306","20130606",7143.74,7143.83,7143.8975,7143.96,7144.02,7144.08,7144.155,7144.25333333333,7144.3675,7144.495,7144.59,7144.685,7144.775,7144.86,7144.94,7145.03,7145.13,7145.2225,7145.3375,7145.475,7145.65,7145.845,7146.0325,7146.2
49,2013-06-07,2013,"201306","20130607",7146.32,7146.42,7146.49,7146.545,7146.605,7146.665,7146.74,7146.83,7146.9575,7147.0775,7147.1775,7147.285,7147.395,7147.485,7147.57,7147.65,7147.7325,7147.8525,7147.995,7148.1225,7148.3,7148.5125,7148.72,7148.89
49,2013-06-08,2013,"201306","20130608",7149.0225,7149.11,7149.1775,7149.235,7149.29,7149.34,7149.4225,7149.5175,7149.635,7149.7425,7149.8225,7149.925,7150.01,7150.09,7150.175,7150.2625,7150.35,7150.4575,7150.6075,7150.76,7150.935,7151.135,7151.3275,7151.5
49,2013-06-09,2013,"201306","20130609",7151.6325,7151.72,7151.785,7151.855,7151.91,7151.97,7152.05,7152.1525,7152.265,7152.375,7152.4775,7152.595,7152.71,7152.8025,7152.9,7152.995,7153.105,7153.2325,7153.3775,7153.53,7153.7075,7153.905,7154.1375,7154.3325
49,2013-06-10,2013,"201306","20130610",7154.4625,7154.55,7154.6175,7154.6775,7154.735,7154.79,7154.85,7154.955,7155.075,7155.2,7155.3175,7155.455,7155.575,7155.68,7155.7725,7155.8625,7155.9625,7156.09,7156.205,7156.34,7156.495,7156.685,7156.89,7157.0525
49,2013-06-11,2013,"201306","20130611",7157.1725,7157.2525,7157.315,7157.38,7157.4375,7157.49,7157.55,7157.645,7157.76,7157.895,7158.0075,7158.12,7158.2275,7158.33,7158.435,7158.5325,7158.6275,7158.75,7158.8925,7159.0225,7159.18,7159.345,7159.54,7159.7175
49,2013-06-12,2013,"201306","20130612",7159.8325,7159.9125,7159.9875,7160.045,7160.1025,7160.1625,7160.2375,7160.345,7160.4525,7160.5825,7160.715,7160.845,7160.985,7161.1075,7161.2125,7161.325,7161.4525,7161.6025,7161.7425,7161.905,7162.08,7162.265,7162.465,7162.625
49,2013-06-13,2013,"201306","20130613",7162.7425,7162.835,7162.895,7162.9575,7163.0175,7163.075,7163.1575,7163.2575,7163.365,7163.4725,7163.5625,7163.6525,7163.74,7163.83,7163.9075,7163.99,7164.0825,7164.1925,7164.3025,7164.435,7164.6075,7164.805,7165,7165.17
49,2013-06-14,2013,"201306","20130614",7165.305,7165.3875,7165.4575,7165.5175,7165.575,7165.63,7165.7075,7165.8125,7165.915,7166.0125,7166.1,7166.195,7166.28,7166.3625,7166.445,7166.5275,7166.61,7166.725,7166.8625,7167.0125,7167.1825,7167.365,7167.56,7167.73
49,2013-06-15,2013,"201306","20130615",7167.865,7167.97,7168.0425,7168.1125,7168.17,7168.23,7168.31,7168.39,7168.495,7168.61,7168.7175,7168.8425,7168.9775,7169.1,7169.205,7169.32,7169.455,7169.585,7169.7475,7169.9175,7170.095,7170.2875,7170.5125,7170.7225
49,2013-06-16,2013,"201306","20130616",7170.8725,7170.995,7171.1,7171.18,7171.26,7171.33,7171.42,7171.52,7171.615,7171.725,7171.8525,7171.9825,7172.1125,7172.235,7172.34,7172.455,7172.575,7172.72,7172.8875,7173.065,7173.25,7173.4475,7173.6525,7173.835
49,2013-06-17,2013,"201306","20130617",7173.985,7174.0875,7174.165,7174.235,7174.3,7174.36,7174.44,7174.555,7174.665,7174.7575,7174.845,7174.9475,7175.04,7175.1325,7175.22,7175.3,7175.38,7175.4875,7175.6175,7175.7725,7175.95,7176.155,7176.38,7176.5925
49,2013-06-18,2013,"201306","20130618",7176.75,7176.855,7176.9425,7177.0175,7177.09,7177.1625,7177.255,7177.3675,7177.4825,7177.5825,7177.6725,7177.78,7177.8775,7177.975,7178.06,7178.1525,7178.2575,7178.375,7178.505,7178.6725,7178.8675,7179.09,7179.35,7179.585
49,2013-06-19,2013,"201306","20130619",7179.76,7179.8775,7179.96,7180.04,7180.1125,7180.1825,7180.265,7180.375,7180.5125,7180.62,7180.7175,7180.8275,7180.96,7181.0775,7181.1875,7181.3075,7181.435,7181.57,7181.72,7181.9,7182.1325,7182.4325,7182.7575,7183.04
49,2013-06-20,2013,"201306","20130620",7183.265,7183.41,7183.5275,7183.635,7183.74,7183.835,7183.9475,7184.08,7184.22,7184.3325,7184.4275,7184.525,7184.635,7184.74,7184.8375,7184.9575,7185.0775,7185.2175,7185.38,7185.595,7185.835,7186.07,7186.3175,7186.5575
49,2013-06-21,2013,"201306","20130621",7186.755,7186.88,7186.9775,7187.065,7187.15,7187.2375,7187.345,7187.47,7187.595,7187.7275,7187.835,7187.95,7188.0825,7188.215,7188.3325,7188.4425,7188.5525,7188.68,7188.8175,7188.9625,7189.155,7189.36,7189.5975,7189.8325
49,2013-06-22,2013,"201306","20130622",7190.0075,7190.125,7190.2125,7190.285,7190.36,7190.43,7190.515,7190.6225,7190.74,7190.87,7191.005,7191.13,7191.245,7191.36,7191.46,7191.555,7191.6625,7191.7925,7191.945,7192.0925,7192.2625,7192.4575,7192.66,7192.8575
49,2013-06-23,2013,"201306","20130623",7193.015,7193.115,7193.1825,7193.2475,7193.31,7193.37,7193.44,7193.535,7193.6675,7193.7975,7193.9175,7194.0375,7194.1725,7194.335,7194.4925,7194.63,7194.78,7194.965,7195.1475,7195.33,7195.5425,7195.7875,7196.0425,7196.28
49,2013-06-24,2013,"201306","20130624",7196.4775,7196.605,7196.7025,7196.7875,7196.8725,7196.95,7197.0425,7197.1475,7197.2875,7197.4125,7197.5175,7197.635,7197.7475,7197.8575,7197.95,7198.0475,7198.1425,7198.2775,7198.45,7198.6975,7198.985,7199.255,7199.5,7199.6875
49,2013-06-25,2013,"201306","20130625",7199.835,7199.94,7200.02,7200.1,7200.17,7200.25,7200.3425,7200.455,7200.58,7200.6875,7200.79,7200.89,7201,7201.1025,7201.19,7201.27,7201.35,7201.4625,7201.6325,7201.795,7201.98,7202.21,7202.4375,7202.6275
49,2013-06-26,2013,"201306","20130626",7202.775,7202.87,7202.95,7203.025,7203.095,7203.1625,7203.25,7203.3625,7203.485,7203.5975,7203.7,7203.805,7203.905,7204,7204.08,7204.165,7204.275,7204.395,7204.525,7204.685,7204.925,7205.2125,7205.5425,7205.84
49,2013-06-27,2013,"201306","20130627",7206.0825,7206.2275,7206.3375,7206.4325,7206.525,7206.6125,7206.715,7206.8275,7206.9725,7207.1025,7207.21,7207.3275,7207.4675,7207.61,7207.7425,7207.8825,7208.0375,7208.1925,7208.385,7208.5975,7208.845,7209.15,7209.485,7209.81
49,2013-06-28,2013,"201306","20130628",7210.0675,7210.2425,7210.37,7210.4825,7210.59,7210.6875,7210.79,7210.915,7211.055,7211.175,7211.2725,7211.3775,7211.4825,7211.59,7211.6875,7211.7925,7211.9025,7212.05,7212.235,7212.4275,7212.6775,7213.0025,7213.3425,7213.6125
49,2013-06-29,2013,"201306","20130629",7213.7875,7213.9075,7214,7214.08,7214.16,7214.23,7214.3275,7214.43,7214.545,7214.6725,7214.8,7214.9425,7215.0675,7215.19,7215.295,7215.4175,7215.565,7215.73,7215.8925,7216.0675,7216.275,7216.56,7216.8625,7217.1325
49,2013-06-30,2013,"201306","20130630",7217.3425,7217.485,7217.6,7217.6925,7217.78,7217.8625,7217.9575,7218.05,7218.175,7218.295,7218.405,7218.54,7218.685,7218.8225,7218.9525,7219.1125,7219.36,7219.63,7219.895,7220.15,7220.415,7220.7125,7221.0425,7221.3375
49,2013-07-01,2013,"201307","20130701",7221.5475,7221.695,7221.815,7221.9175,7222.015,7222.1175,7222.2325,7222.3575,7222.485,7222.5875,7222.6875,7222.8175,7222.96,7223.105,7223.225,7223.345,7223.4675,7223.6075,7223.7875,7224.015,7224.285,7224.55,7224.8175,7225.0475
49,2013-07-02,2013,"201307","20130702",7225.2,7225.3075,7225.4075,7225.485,7225.5575,7225.63,7225.725,7225.8475,7225.965,7226.0775,7226.1775,7226.3,7226.4175,7226.545,7226.665,7226.775,7226.895,7227.03,7227.21,7227.45,7227.74,7228.0625,7228.405,7228.7075
49,2013-07-03,2013,"201307","20130703",7228.93,7229.09,7229.2125,7229.3175,7229.415,7229.5125,7229.635,7229.7625,7229.9025,7230.0325,7230.1675,7230.32,7230.48,7230.6525,7230.8325,7231.0175,7231.2175,7231.4375,7231.6925,7232.02,7232.39,7232.8425,7233.3625,7233.8075
49,2013-07-04,2013,"201307","20130704",7234.15,7234.4325,7234.665,7234.845,7235.02,7235.185,7235.3475,7235.5075,7235.6725,7235.825,7235.9575,7236.125,7236.335,7236.5375,7236.755,7236.9575,7237.1825,7237.4175,7237.6525,7237.925,7238.205,7238.5025,7238.8375,7239.185
49,2013-07-05,2013,"201307","20130705",7239.4625,7239.6725,7239.835,7239.9775,7240.1125,7240.225,7240.345,7240.4725,7240.62,7240.75,7240.8975,7241.0875,7241.29,7241.485,7241.665,7241.8525,7242.0575,7242.3075,7242.57,7242.8475,7243.16,7243.52,7243.9475,7244.4175
49,2013-07-06,2013,"201307","20130706",7244.8175,7245.13,7245.36,7245.5525,7245.73,7245.89,7246.05,7246.205,7246.395,7246.65,7246.94,7247.2675,7247.625,7247.9925,7248.365,7248.735,7249.0875,7249.445,7249.81,7250.19,7250.5825,7251.025,7251.48,7251.8775
49,2013-07-07,2013,"201307","20130707",7252.165,7252.3775,7252.55,7252.7,7252.8425,7252.98,7253.11,7253.245,7253.4225,7253.63,7253.8375,7254.085,7254.3525,7254.6875,7255.0525,7255.41,7255.7775,7256.1375,7256.515,7256.925,7257.43,7257.995,7258.615,7259.2025
49,2013-07-08,2013,"201307","20130708",7259.6775,7260.0425,7260.3225,7260.5275,7260.6975,7260.85,7261.0275,7261.1725,7261.3125,7261.44,7261.545,7261.68,7261.83,7261.985,7262.1275,7262.2775,7262.4275,7262.6,7262.795,7263.0275,7263.3475,7263.74,7264.1375,7264.515
49,2013-07-09,2013,"201307","20130709",7264.84,7265.085,7265.2775,7265.4475,7265.605,7265.75,7265.9025,7266.0375,7266.18,7266.305,7266.435,7266.595,7266.745,7266.905,7267.035,7267.145,7267.2575,7267.4,7267.5825,7267.7925,7268.015,7268.2675,7268.5525,7268.82
49,2013-07-10,2013,"201307","20130710",7269.0425,7269.2075,7269.3475,7269.46,7269.575,7269.6825,7269.81,7269.935,7270.065,7270.18,7270.285,7270.39,7270.5,7270.615,7270.7125,7270.8075,7270.91,7271.0475,7271.19,7271.38,7271.5925,7271.8225,7272.08,7272.3225
49,2013-07-11,2013,"201307","20130711",7272.4925,7272.61,7272.705,7272.8,7272.88,7272.95,7273.0425,7273.1525,7273.2875,7273.41,7273.525,7273.645,7273.77,7273.8975,7274.0125,7274.11,7274.225,7274.3875,7274.5425,7274.7225,7274.9525,7275.1875,7275.44,7275.6625
49,2013-07-12,2013,"201307","20130712",7275.8275,7275.9425,7276.0425,7276.12,7276.2,7276.2825,7276.385,7276.49,7276.6375,7276.775,7276.9,7277.045,7277.215,7277.3825,7277.5325,7277.7,7277.8625,7278.0425,7278.23,7278.4325,7278.6825,7278.97,7279.2825,7279.565
49,2013-07-13,2013,"201307","20130713",7279.81,7279.9775,7280.115,7280.2325,7280.3425,7280.4425,7280.5525,7280.665,7280.8,7280.9425,7281.115,7281.3375,7281.57,7281.805,7282.0275,7282.2725,7282.565,7282.8625,7283.1375,7283.4175,7283.7225,7284.0775,7284.465,7284.815
49,2013-07-14,2013,"201307","20130714",7285.075,7285.275,7285.4225,7285.54,7285.64,7285.735,7285.835,7285.9375,7286.0725,7286.23,7286.37666666667,7286.585,7286.7825,7287.0125,7287.235,7287.475,7287.7025,7287.945,7288.17,7288.3975,7288.6575,7288.955,7289.29,7289.58
49,2013-07-15,2013,"201307","20130715",7289.78,7289.93,7290.0725,7290.195,7290.3025,7290.4025,7290.52,7290.635,7290.7625,7290.875,7290.985,7291.105,7291.25,7291.4075,7291.55,7291.675,7291.8075,7291.97,7292.145,7292.365,7292.6225,7292.9175,7293.24,7293.515
49,2013-07-16,2013,"201307","20130716",7293.7075,7293.835,7293.9425,7294.0325,7294.12,7294.21,7294.315,7294.4375,7294.57,7294.6825,7294.7775,7294.8975,7295.01,7295.135,7295.2425,7295.335,7295.445,7295.5725,7295.755,7295.9525,7296.1625,7296.41,7296.7125,7297.0075
49,2013-07-17,2013,"201307","20130717",7297.2625,7297.43,7297.5425,7297.645,7297.7375,7297.8325,7297.9425,7298.075,7298.23,7298.365,7298.485,7298.61,7298.7525,7298.92,7299.07,7299.21,7299.37,7299.5475,7299.7275,7299.9325,7300.1975,7300.535,7300.9225,7301.24
49,2013-07-18,2013,"201307","20130718",7301.475,7301.655,7301.805,7301.925,7302.045,7302.1625,7302.2825,7302.4075,7302.5475,7302.685,7302.8,7302.915,7303.0375,7303.1775,7303.3075,7303.4375,7303.58,7303.74,7303.9125,7304.115,7304.3475,7304.65,7304.96,7305.2375
49,2013-07-19,2013,"201307","20130719",7305.4475,7305.595,7305.7,7305.795,7305.8875,7305.98,7306.075,7306.195,7306.3275,7306.455,7306.575,7306.705,7306.8525,7307.0275,7307.1775,7307.3225,7307.4575,7307.6175,7307.82,7308.035,7308.2675,7308.5525,7308.905,7309.2275
49,2013-07-20,2013,"201307","20130720",7309.465,7309.64,7309.7775,7309.895,7310.005,7310.1075,7310.21,7310.3125,7310.46,7310.62,7310.7925,7310.9875,7311.245,7311.5275,7311.79,7312.075,7312.335,7312.5825,7312.8225,7313.075,7313.37,7313.7,7314.09,7314.475
49,2013-07-21,2013,"201307","20130721",7314.7375,7314.9125,7315.0475,7315.175,7315.2925,7315.3975,7315.5175,7315.645,7315.7425,7315.8475,7316.1,7316.3575,7316.6475,7316.9775,7317.2925,7317.575,7317.845,7318.13,7318.4225,7318.7225,7319.035,7319.42,7319.8625,7320.25
49,2013-07-22,2013,"201307","20130722",7320.5375,7320.745,7320.915,7321.07,7321.215,7321.345,7321.4825,7321.625,7321.77,7321.92,7322.1,7322.28,7322.45,7322.6225,7322.785,7322.935,7323.09,7323.2725,7323.4825,7323.73,7324.0075,7324.335,7324.6925,7325.0325
49,2013-07-23,2013,"201307","20130723",7325.28,7325.46,7325.6025,7325.74,7325.865,7325.9825,7326.105,7326.2275,7326.3775,7326.505,7326.62,7326.735,7326.865,7327.0325,7327.1775,7327.305,7327.4425,7327.6,7327.78,7327.9975,7328.22,7328.4925,7328.8225,7329.1375
49,2013-07-24,2013,"201307","20130724",7329.3675,7329.535,7329.6725,7329.8025,7329.915,7330.02,7330.145,7330.285,7330.4425,7330.6125,7330.8025,7331.0325,7331.27,7331.51,7331.7325,7331.935,7332.1525,7332.4025,7332.67,7332.99,7333.3525,7333.7675,7334.3025,7334.87
49,2013-07-25,2013,"201307","20130725",7335.34,7335.7075,7335.9825,7336.21,7336.42,7336.61,7336.7875,7336.9525,7337.1175,7337.265,7337.415,7337.5975,7337.83,7338.1,7338.3675,7338.6325,7338.9025,7339.235,7339.5625,7339.9225,7340.285,7340.74,7341.27,7341.7575
49,2013-07-26,2013,"201307","20130726",7342.1375,7342.4275,7342.6575,7342.8425,7343.0225,7343.1825,7343.3375,7343.485,7343.65,7343.79,7343.935,7344.0825,7344.22,7344.355,7344.4725,7344.605,7344.745,7344.9425,7345.145,7345.3625,7345.64,7345.945,7346.26,7346.6025
49,2013-07-27,2013,"201307","20130727",7346.8675,7347.0675,7347.23,7347.385,7347.5175,7347.645,7347.785,7347.9275,7348.0725,7348.22,7348.375,7348.56,7348.77,7348.9925,7349.2075,7349.4325,7349.66,7349.9025,7350.17,7350.4825,7350.8025,7351.16,7351.5475,7351.905
49,2013-07-28,2013,"201307","20130728",7352.1875,7352.39,7352.5475,7352.675,7352.805,7352.925,7353.0525,7353.1825,7353.345,7353.5025,7353.74,7354.0375,7354.35,7354.675,7354.98,7355.3025,7355.645,7356.0275,7356.46,7356.8775,7357.2975,7357.7725,7358.3475,7358.865
49,2013-07-29,2013,"201307","20130729",7359.2625,7359.5925,7359.86,7360.0875,7360.305,7360.495,7360.6775,7360.86,7361.0725,7361.25,7361.42,7361.625,7361.875,7362.16,7362.4375,7362.6725,7362.915,7363.1775,7363.4675,7363.8225,7364.2525,7364.7425,7365.285,7365.7325
49,2013-07-30,2013,"201307","20130730",7366.065,7366.3175,7366.545,7366.735,7366.9,7367.06,7367.22,7367.39,7367.575,7367.755,7367.9475,7368.18,7368.4475,7368.785,7369.1325,7369.47,7369.7675,7370.0575,7370.3975,7370.7975,7371.2675,7371.81,7372.3825,7372.9075
49,2013-07-31,2013,"201307","20130731",7373.315,7373.5775,7373.785,7373.9725,7374.15,7374.3,7374.4525,7374.59,7374.73,7374.8675,7375.02,7375.1975,7375.395,7375.6125,7375.8575,7376.1,7376.345,7376.6225,7376.955,7377.3125,7377.6925,7378.03,7378.3525,7378.645
49,2013-08-01,2013,"201308","20130801",7378.8575,7378.985,7379.095,7379.1975,7379.3,7379.405,7379.535,7379.66,7379.79,7379.915,7380.035,7380.18,7380.315,7380.44,7380.5475,7380.66,7380.7675,7380.9025,7381.0575,7381.2375,7381.4725,7381.745,7382.0775,7382.3675
49,2013-08-02,2013,"201308","20130802",7382.575,7382.73,7382.8575,7382.985,7383.105,7383.2175,7383.3325,7383.465,7383.6175,7383.7575,7383.8975,7384.0675,7384.2825,7384.535,7384.765,7384.9675,7385.175,7385.385,7385.625,7385.88,7386.1475,7386.4725,7386.8475,7387.195
49,2013-08-03,2013,"201308","20130803",7387.475,7387.6875,7387.855,7388,7388.125,7388.245,7388.3725,7388.4975,7388.6425,7388.82,7388.995,7389.2025,7389.43,7389.6775,7389.93,7390.18,7390.4275,7390.7125,7390.9925,7391.245,7391.4975,7391.785,7392.115,7392.4675
49,2013-08-04,2013,"201308","20130804",7392.75,7392.9725,7393.1375,7393.28,7393.4175,7393.545,7393.6725,7393.8125,7393.99,7394.1775,7394.4,7394.6775,7395.0375,7395.4225,7395.8025,7396.165,7396.5625,7396.9975,7397.44,7397.87,7398.3525,7398.7475,7399.06,7399.3275
49,2013-08-05,2013,"201308","20130805",7399.5425,7399.7,7399.8375,7399.945,7400.0525,7400.1575,7400.2875,7400.4225,7400.5575,7400.6875,7400.83,7400.9875,7401.145,7401.335,7401.515,7401.6825,7401.875,7402.08,7402.3125,7402.5925,7402.9675,7403.4075,7403.8725,7404.29
49,2013-08-06,2013,"201308","20130806",7404.6125,7404.885,7405.105,7405.305,7405.49,7405.655,7405.83,7406.005,7406.185,7406.3725,7406.5725,7406.8075,7407.07,7407.3725,7407.6675,7407.97,7408.29,7408.6175,7409.015,7409.475,7409.9975,7410.5675,7411.175,7411.75
49,2013-08-07,2013,"201308","20130807",7412.2075,7412.5625,7412.8275,7413.0225,7413.205,7413.3725,7413.55,7413.7275,7413.9125,7414.0825,7414.2675,7414.465,7414.6775,7414.8925,7415.06,7415.2275,7415.395,7415.57,7415.76,7415.9475,7416.17,7416.42,7416.685,7416.9225
49,2013-08-08,2013,"201308","20130808",7417.1175,7417.265,7417.38,7417.4875,7417.5975,7417.6975,7417.825,7417.96,7418.1,7418.23,7418.3625,7418.535,7418.745,7418.9675,7419.175,7419.375,7419.585,7419.83,7420.095,7420.4025,7420.735,7421.1375,7421.67,7422.055
49,2013-08-09,2013,"201308","20130809",7422.2975,7422.505,7422.7025,7422.88,7423.05,7423.2025,7423.37,7423.5275,7423.695,7423.8575,7424.0125,7424.2125,7424.4325,7424.69,7424.9325,7425.1975,7425.44,7425.7275,7426.05,7426.415,7426.8425,7427.3475,7427.875,7428.3625
49,2013-08-10,2013,"201308","20130810",7428.7525,7429.0375,7429.305,7429.5425,7429.7575,7429.9525,7430.1375,7430.3025,7430.4725,7430.6775,7430.98,7431.38,7431.83,7432.29,7432.7525,7433.2275,7433.7325,7434.24,7434.705,7435.16,7435.6475,7436.1925,7436.8175,7437.4125
49,2013-08-11,2013,"201308","20130811",7437.8825,7438.25,7438.545,7438.805,7439.07,7439.3325,7439.5725,7439.8,7440.025,7440.285,7440.6075,7440.99,7441.4375,7441.9575,7442.4425,7442.88,7443.275,7443.66,7444.0175,7444.3825,7444.7825,7445.1875,7445.545,7445.85
49,2013-08-12,2013,"201308","20130812",7446.1225,7446.3425,7446.5225,7446.68,7446.84,7446.9925,7447.15,7447.3,7447.4675,7447.6175,7447.7625,7447.94,7448.16,7448.415,7448.67,7448.91,7449.1275,7449.3775,7449.6325,7449.9525,7450.3625,7450.8575,7451.3825,7451.8125
49,2013-08-13,2013,"201308","20130813",7452.135,7452.365,7452.5575,7452.7275,7452.9,7453.06,7453.23,7453.39,7453.5675,7453.7725,7454.015,7454.2675,7454.535,7454.805,7455.08,7455.385,7455.67,7455.9475,7456.27,7456.6275,7457.05,7457.52,7458.0425,7458.48
49,2013-08-14,2013,"201308","20130814",7458.785,7459.04,7459.2625,7459.4675,7459.6475,7459.8125,7459.995,7460.1425,7460.3075,7460.4525,7460.63,7460.87,7461.1625,7461.4625,7461.7675,7462.0675,7462.37,7462.715,7463.0875,7463.4875,7463.9925,7464.5575,7465.1475,7465.675
49,2013-08-15,2013,"201308","20130815",7466.1025,7466.425,7466.7,7466.9375,7467.15,7467.355,7467.555,7467.7475,7467.9375,7468.135,7468.3625,7468.625,7468.94,7469.34666666667,7469.7325,7470.0925,7470.4525,7470.835,7471.265,7471.775,7472.4375,7473.13,7473.84,7474.4025
49,2013-08-16,2013,"201308","20130816",7474.7525,7475.0125,7475.2325,7475.435,7475.63,7475.8275,7476.025,7476.2,7476.3925,7476.575,7476.8,7477.11,7477.4525,7477.8225,7478.1975,7478.57,7478.9325,7479.32,7479.7825,7480.3275,7480.92,7481.5075,7482.0975,7482.59
49,2013-08-17,2013,"201308","20130817",7482.98,7483.2925,7483.55,7483.7875,7484.0175,7484.235,7484.435,7484.61,7484.7875,7484.97,7485.21,7485.4625,7485.745,7486.05,7486.38,7486.72,7487.06,7487.385,7487.7275,7488.065,7488.4075,7488.805,7489.195,7489.5675
49,2013-08-18,2013,"201308","20130818",7489.915,7490.18,7490.3975,7490.5875,7490.76,7490.9225,7491.1,7491.255,7491.42,7491.5925,7491.7875,7492.0125,7492.29,7492.5925,7492.91,7493.2125,7493.525,7493.86,7494.1925,7494.5025,7494.8775,7495.295,7495.7675,7496.22
49,2013-08-19,2013,"201308","20130819",7496.5475,7496.77,7496.975,7497.1625,7497.35,7497.5275,7497.7,7497.85,7498.0275,7498.1975,7498.3675,7498.565,7498.7725,7499.0075,7499.245,7499.505,7499.7425,7499.9925,7500.255,7500.55,7500.925,7501.3825,7501.8625,7502.2725
49,2013-08-20,2013,"201308","20130820",7502.5975,7502.835,7503.045,7503.2375,7503.415,7503.5925,7503.7675,7503.93,7504.0975,7504.2675,7504.475,7504.7125,7504.97,7505.22,7505.4675,7505.6925,7505.8975,7506.115,7506.3525,7506.625,7506.9525,7507.315,7507.665,7507.9975
49,2013-08-21,2013,"201308","20130821",7508.2675,7508.4825,7508.675,7508.8575,7509.0525,7509.2275,7509.4,7509.5675,7509.7075,7509.8475,7509.99,7510.155,7510.32,7510.4825,7510.67,7510.85,7511.035,7511.22,7511.445,7511.7,7511.99,7512.3475,7512.7075,7513.0375
49,2013-08-22,2013,"201308","20130822",7513.31,7513.5175,7513.67,7513.83,7513.97,7514.1025,7514.2525,7514.39,7514.54,7514.685,7514.8,7514.93,7515.0625,7515.22,7515.37,7515.5,7515.6275,7515.7875,7515.9725,7516.2025,7516.4725,7516.79,7517.1275,7517.4425
49,2013-08-23,2013,"201308","20130823",7517.6625,7517.83,7517.9725,7518.095,7518.2075,7518.3225,7518.445,7518.5725,7518.7025,7518.8225,7518.9275,7519.0775,7519.2475,7519.4325,7519.58,7519.72,7519.8775,7520.0525,7520.24,7520.4725,7520.7625,7521.08,7521.395,7521.68
49,2013-08-24,2013,"201308","20130824",7521.915,7522.0975,7522.25,7522.38,7522.5025,7522.61,7522.7275,7522.8475,7522.9775,7523.115,7523.27,7523.485,7523.7275,7524.015,7524.2725,7524.525,7524.795,7525.09,7525.38,7525.665,7525.9775,7526.3175,7526.6675,7526.975
49,2013-08-25,2013,"201308","20130825",7527.2225,7527.4275,7527.5825,7527.7225,7527.845,7527.9675,7528.1025,7528.2275,7528.365,7528.5175,7528.705,7528.9325,7529.1825,7529.46,7529.745,7530.0275,7530.3325,7530.6325,7530.9575,7531.3,7531.65,7532.0025,7532.36,7532.675
49,2013-08-26,2013,"201308","20130826",7532.905,7533.095,7533.2475,7533.375,7533.48,7533.5975,7533.7275,7533.8625,7534.0075,7534.155,7534.3125,7534.505,7534.7125,7534.955,7535.21,7535.45,7535.69,7535.955,7536.245,7536.5525,7536.905,7537.2475,7537.63,7538.0025
49,2013-08-27,2013,"201308","20130827",7538.275,7538.485,7538.6625,7538.8025,7538.94,7539.075,7539.2125,7539.335,7539.46,7539.5675,7539.67,7539.785,7539.915,7540.0375,7540.18,7540.34666666667,7540.4925,7540.6575,7540.8725,7541.115,7541.385,7541.6325,7541.8975,7542.1475
49,2013-08-28,2013,"201308","20130828",7542.3275,7542.465,7542.575,7542.6625,7542.7625,7542.8625,7542.985,7543.115,7543.2575,7543.3925,7543.5125,7543.6375,7543.77,7543.91,7544.0525,7544.175,7544.3075,7544.4825,7544.675,7544.88,7545.15,7545.435,7545.73,7546.0075
49,2013-08-29,2013,"201308","20130829",7546.23,7546.395,7546.53,7546.635,7546.7325,7546.8225,7546.9325,7547.045,7547.175,7547.2825,7547.395,7547.505,7547.6175,7547.725,7547.835,7547.945,7548.0675,7548.2125,7548.35,7548.51,7548.7,7548.915,7549.1225,7549.3
49,2013-08-30,2013,"201308","20130830",7549.435,7549.535,7549.6175,7549.6875,7549.7575,7549.8275,7549.9175,7550.025,7550.155,7550.2625,7550.3525,7550.45,7550.5475,7550.64,7550.72,7550.8125,7550.9075,7551.0225,7551.1525,7551.3125,7551.5075,7551.72,7551.9325,7552.1275
49,2013-08-31,2013,"201308","20130831",7552.2625,7552.3575,7552.4275,7552.495,7552.5575,7552.63,7552.72,7552.8225,7552.945,7553.0725,7553.1875,7553.3275,7553.4725,7553.6275,7553.775,7553.9075,7554.05,7554.21,7554.3825,7554.56,7554.7375,7554.95,7555.17,7555.3425
49,2013-09-01,2013,"201309","20130901",7555.475,7555.5775,7555.6575,7555.725,7555.785,7555.8525,7555.9325,7556.03,7556.1575,7556.275,7556.4,7556.5525,7556.6975,7556.8325,7556.9625,7557.085,7557.2025,7557.3475,7557.5175,7557.7075,7557.905,7558.115,7558.2975,7558.46
49,2013-09-02,2013,"201309","20130902",7558.58,7558.67,7558.7475,7558.815,7558.8775,7558.945,7559.035,7559.1375,7559.24,7559.335,7559.4225,7559.5225,7559.6275,7559.7225,7559.81,7559.905,7560.0025,7560.115,7560.2475,7560.4075,7560.5975,7560.79,7560.9875,7561.1425
49,2013-09-03,2013,"201309","20130903",7561.25,7561.3325,7561.4075,7561.4725,7561.535,7561.6025,7561.7,7561.7925,7561.9,7562.005,7562.095,7562.2075,7562.315,7562.41,7562.49,7562.5825,7562.6725,7562.77,7562.9225,7563.1,7563.3,7563.505,7563.71,7563.8875
49,2013-09-04,2013,"201309","20130904",7564.0125,7564.11,7564.1875,7564.2525,7564.3175,7564.3875,7564.48,7564.5775,7564.685,7564.795,7564.8825,7564.98,7565.0725,7565.16,7565.23,7565.31,7565.3975,7565.515,7565.6375,7565.7925,7565.9825,7566.175,7566.3475,7566.5025
49,2013-09-05,2013,"201309","20130905",7566.625,7566.71,7566.77,7566.8225,7566.8775,7566.93,7567.01,7567.115,7567.2275,7567.32,7567.4,7567.4975,7567.59,7567.67,7567.76,7567.8425,7567.92,7568.025,7568.145,7568.2875,7568.4675,7568.6475,7568.825,7568.995
49,2013-09-06,2013,"201309","20130906",7569.115,7569.1975,7569.26,7569.31,7569.3675,7569.4225,7569.505,7569.6125,7569.7225,7569.825,7569.9225,7570.02,7570.11,7570.2,7570.28,7570.3675,7570.465,7570.585,7570.7175,7570.8725,7571.05,7571.245,7571.4375,7571.6075
49,2013-09-07,2013,"201309","20130907",7571.725,7571.81,7571.875,7571.935,7571.995,7572.06,7572.1475,7572.235,7572.3425,7572.445,7572.555,7572.675,7572.7975,7572.9225,7573.0175,7573.1075,7573.2275,7573.37,7573.5175,7573.675,7573.875,7574.0625,7574.2525,7574.4275
49,2013-09-08,2013,"201309","20130908",7574.5625,7574.65,7574.72,7574.775,7574.835,7574.895,7574.9875,7575.075,7575.185,7575.3125,7575.43,7575.545,7575.665,7575.7825,7575.88,7575.9725,7576.1,7576.25,7576.4,7576.5775,7576.785,7576.98,7577.1575,7577.3375
49,2013-09-09,2013,"201309","20130909",7577.465,7577.545,7577.6,7577.6575,7577.71,7577.7675,7577.8475,7577.955,7578.065,7578.1575,7578.2575,7578.355,7578.4425,7578.535,7578.62,7578.7,7578.79,7578.895,7579.0175,7579.1725,7579.34,7579.5175,7579.7125,7579.865
49,2013-09-10,2013,"201309","20130910",7579.9825,7580.06,7580.12,7580.1725,7580.2275,7580.2825,7580.365,7580.46,7580.56,7580.6625,7580.76,7580.855,7580.9575,7581.05,7581.13,7581.2125,7581.3075,7581.415,7581.5375,7581.69,7581.88,7582.0525,7582.2275,7582.3875
49,2013-09-11,2013,"201309","20130911",7582.5075,7582.5875,7582.655,7582.7175,7582.775,7582.835,7582.93,7583.025,7583.1275,7583.22,7583.305,7583.41,7583.505,7583.59,7583.6775,7583.76,7583.8475,7583.97,7584.0975,7584.25,7584.4375,7584.6225,7584.805,7584.96
49,2013-09-12,2013,"201309","20130912",7585.0825,7585.1675,7585.2375,7585.3,7585.3575,7585.4125,7585.5025,7585.6,7585.705,7585.8,7585.88,7585.9625,7586.05,7586.125,7586.21,7586.2825,7586.3775,7586.5025,7586.6275,7586.7925,7586.985,7587.185,7587.3775,7587.53
49,2013-09-13,2013,"201309","20130913",7587.6475,7587.725,7587.78,7587.84,7587.9,7587.96,7588.05,7588.15,7588.2525,7588.35,7588.43,7588.525,7588.625,7588.72,7588.81,7588.9025,7588.9975,7589.1225,7589.255,7589.41,7589.585,7589.775,7589.97,7590.1375
49,2013-09-14,2013,"201309","20130914",7590.2675,7590.36,7590.4275,7590.4875,7590.545,7590.605,7590.6925,7590.7875,7590.905,7591.0225,7591.12,7591.2425,7591.365,7591.475,7591.58,7591.68,7591.795,7591.925,7592.045,7592.195,7592.38,7592.555,7592.7425,7592.9175
49,2013-09-15,2013,"201309","20130915",7593.06,7593.1575,7593.2275,7593.29,7593.3575,7593.42,7593.5025,7593.6,7593.715,7593.84,7593.955,7594.075,7594.195,7594.305,7594.4025,7594.5,7594.6275,7594.7475,7594.88,7595.0625,7595.2625,7595.4575,7595.6325,7595.78
49,2013-09-16,2013,"201309","20130916",7595.9025,7595.9975,7596.06,7596.12,7596.1725,7596.225,7596.3075,7596.4025,7596.51,7596.61,7596.7125,7596.8175,7596.92,7597.01,7597.085,7597.1725,7597.2625,7597.3775,7597.505,7597.65,7597.8275,7598.015,7598.1925,7598.3425
49,2013-09-17,2013,"201309","20130917",7598.455,7598.5425,7598.6125,7598.6725,7598.7275,7598.7775,7598.86,7598.965,7599.0725,7599.175,7599.27,7599.3825,7599.49,7599.5825,7599.67,7599.7575,7599.85,7599.965,7600.11,7600.285,7600.48,7600.635,7600.8,7600.955
49,2013-09-18,2013,"201309","20130918",7601.08,7601.165,7601.2275,7601.2825,7601.3375,7601.39,7601.47,7601.575,7601.6875,7601.795,7601.8875,7601.98,7602.0775,7602.1675,7602.26,7602.355,7602.455,7602.585,7602.72,7602.88,7603.0575,7603.25,7603.435,7603.61
49,2013-09-19,2013,"201309","20130919",7603.7525,7603.8575,7603.935,7603.995,7604.05,7604.105,7604.1825,7604.2725,7604.38,7604.4925,7604.6,7604.725,7604.845,7604.95,7605.06,7605.1775,7605.2975,7605.42,7605.56,7605.73,7605.895,7606.0925,7606.295,7606.4775
49,2013-09-20,2013,"201309","20130920",7606.6075,7606.6925,7606.76,7606.8275,7606.88,7606.9375,7607.0125,7607.0975,7607.2025,7607.31,7607.4225,7607.535,7607.6475,7607.7525,7607.8425,7607.9375,7608.06,7608.19,7608.335,7608.4975,7608.67,7608.84,7609.05,7609.2125
49,2013-09-21,2013,"201309","20130921",7609.325,7609.405,7609.47,7609.5225,7609.5775,7609.635,7609.7175,7609.795,7609.9125,7610.0275,7610.145,7610.2625,7610.3775,7610.495,7610.6025,7610.7125,7610.8275,7610.9775,7611.1625,7611.3575,7611.565,7611.7625,7611.9625,7612.1325
49,2013-09-22,2013,"201309","20130922",7612.255,7612.3375,7612.4,7612.455,7612.51,7612.5675,7612.6525,7612.75,7612.855,7612.95,7613.03,7613.1225,7613.21,7613.29,7613.37,7613.4525,7613.5475,7613.655,7613.79,7613.945,7614.12,7614.31,7614.4975,7614.655
49,2013-09-23,2013,"201309","20130923",7614.7675,7614.845,7614.905,7614.97,7615.0275,7615.0825,7615.1475,7615.2625,7615.365,7615.4575,7615.5425,7615.6525,7615.76,7615.85,7615.93,7616.0075,7616.105,7616.225,7616.3425,7616.49,7616.685,7616.875,7617.065,7617.2225
49,2013-09-24,2013,"201309","20130924",7617.3375,7617.405,7617.46,7617.51,7617.555,7617.605,7617.69,7617.8,7617.895,7617.98,7618.06,7618.1525,7618.2425,7618.32,7618.4,7618.4725,7618.5625,7618.68,7618.805,7618.9575,7619.1275,7619.315,7619.505,7619.655
49,2013-09-25,2013,"201309","20130925",7619.765,7619.83,7619.875,7619.925,7619.9675,7620.0175,7620.0925,7620.205,7620.3175,7620.42,7620.51,7620.59,7620.6825,7620.77,7620.85,7620.94,7621.0375,7621.155,7621.29,7621.4475,7621.6275,7621.8,7621.985,7622.135
49,2013-09-26,2013,"201309","20130926",7622.24,7622.305,7622.365,7622.415,7622.465,7622.515,7622.605,7622.7125,7622.825,7622.9225,7623.0175,7623.1175,7623.2075,7623.2825,7623.355,7623.43,7623.5125,7623.6225,7623.7575,7623.9075,7624.0775,7624.2675,7624.4625,7624.625
49,2013-09-27,2013,"201309","20130927",7624.7375,7624.815,7624.8775,7624.9275,7624.975,7625.0275,7625.11,7625.215,7625.335,7625.445,7625.53,7625.63,7625.72,7625.8,7625.88,7625.96,7626.0525,7626.1775,7626.3225,7626.4925,7626.6975,7626.8975,7627.085,7627.2575
49,2013-09-28,2013,"201309","20130928",7627.3925,7627.475,7627.5375,7627.5975,7627.6525,7627.71,7627.7975,7627.885,7627.99,7628.105,7628.215,7628.33,7628.4375,7628.5475,7628.64,7628.735,7628.8475,7628.9925,7629.14,7629.305,7629.4725,7629.66,7629.8425,7630.0025
49,2013-09-29,2013,"201309","20130929",7630.12,7630.2,7630.26,7630.3175,7630.3675,7630.4225,7630.5,7630.595,7630.7125,7630.8325,7630.92,7631.015,7631.1225,7631.2275,7631.3225,7631.41,7631.505,7631.6325,7631.79,7631.975,7632.1775,7632.3675,7632.555,7632.71
49,2013-09-30,2013,"201309","20130930",7632.815,7632.895,7632.96,7633.0175,7633.0675,7633.1175,7633.195,7633.2975,7633.435,7633.5425,7633.63,7633.725,7633.8175,7633.9,7633.98,7634.065,7634.1625,7634.2975,7634.4425,7634.625,7634.82,7635.03,7635.2425,7635.4275
49,2013-10-01,2013,"201310","20131001",7635.55,7635.635,7635.7,7635.76,7635.81,7635.865,7635.94,7636.0175,7636.13,7636.28,7636.42,7636.555,7636.685,7636.8,7636.895,7636.995,7637.105,7637.22,7637.3625,7637.525,7637.695,7637.8625,7638.0525,7638.2125
49,2013-10-02,2013,"201310","20131002",7638.3275,7638.4,7638.46,7638.5125,7638.5625,7638.6175,7638.695,7638.7775,7638.895,7639.01,7639.11,7639.2125,7639.315,7639.42,7639.51,7639.605,7639.695,7639.8025,7639.92,7640.07,7640.2275,7640.38,7640.545,7640.695
49,2013-10-03,2013,"201310","20131003",7640.79,7640.855,7640.905,7640.955,7641.0025,7641.0475,7641.1175,7641.195,7641.305,7641.4175,7641.52,7641.6275,7641.7225,7641.81,7641.895,7641.9875,7642.075,7642.195,7642.3325,7642.4875,7642.6425,7642.81,7642.965,7643.1025
49,2013-10-04,2013,"201310","20131004",7643.2075,7643.2775,7643.34,7643.39,7643.4425,7643.4875,7643.5575,7643.63,7643.725,7643.825,7643.9275,7644.04,7644.1375,7644.2225,7644.3125,7644.4075,7644.53,7644.655,7644.7775,7644.9175,7645.07,7645.2275,7645.3975,7645.545
49,2013-10-05,2013,"201310","20131005",7645.655,7645.7375,7645.8,7645.85,7645.9025,7645.955,7646.0275,7646.1,7646.1875,7646.3075,7646.405,7646.5075,7646.6125,7646.715,7646.7975,7646.8725,7646.9675,7647.085,7647.215,7647.3875,7647.55,7647.71,7647.8775,7648.045
49,2013-10-06,2013,"201310","20131006",7648.1725,7648.2525,7648.31,7648.36,7648.41,7648.46,7648.5325,7648.61,7648.6975,7648.8125,7648.92,7649.0375,7649.1425,7649.2425,7649.33,7649.4125,7649.5175,7649.6475,7649.79,7649.95,7650.12,7650.3175,7650.505,7650.6675
49,2013-10-07,2013,"201310","20131007",7650.78,7650.8575,7650.92,7650.9725,7651.0275,7651.0775,7651.15,7651.245,7651.365,7651.495,7651.5975,7651.705,7651.8275,7651.9425,7652.04,7652.13,7652.2475,7652.385,7652.54,7652.745,7652.9625,7653.165,7653.3625,7653.52
49,2013-10-08,2013,"201310","20131008",7653.63,7653.7,7653.76,7653.815,7653.8625,7653.9175,7654,7654.1075,7654.215,7654.3225,7654.41,7654.5025,7654.59,7654.66,7654.74,7654.825,7654.91,7655.0175,7655.165,7655.3425,7655.515,7655.705,7655.8975,7656.0625
49,2013-10-09,2013,"201310","20131009",7656.1675,7656.235,7656.295,7656.3525,7656.4,7656.4475,7656.5225,7656.6425,7656.77,7656.8825,7656.985,7657.0925,7657.185,7657.275,7657.35,7657.43,7657.525,7657.6375,7657.775,7657.95,7658.135,7658.32,7658.4925,7658.6275
49,2013-10-10,2013,"201310","20131010",7658.745,7658.8225,7658.88,7658.9325,7658.985,7659.0375,7659.1125,7659.215,7659.335,7659.4425,7659.53,7659.63,7659.725,7659.81,7659.89,7659.98,7660.075,7660.1925,7660.31,7660.475,7660.66,7660.8375,7661.03,7661.19
49,2013-10-11,2013,"201310","20131011",7661.3075,7661.3825,7661.44,7661.4925,7661.54,7661.59,7661.6675,7661.77,7661.895,7662.0125,7662.1175,7662.2225,7662.3275,7662.41,7662.49,7662.5775,7662.675,7662.79,7662.925,7663.0925,7663.275,7663.465,7663.6625,7663.8225
49,2013-10-12,2013,"201310","20131012",7663.9425,7664.025,7664.0875,7664.1375,7664.19,7664.24,7664.3125,7664.415,7664.545,7664.655,7664.75,7664.84,7664.935,7665.025,7665.1075,7665.195,7665.295,7665.4325,7665.57,7665.7525,7665.94,7666.135,7666.3375,7666.5275
49,2013-10-13,2013,"201310","20131013",7666.6575,7666.7475,7666.8125,7666.8675,7666.92,7666.97,7667.0475,7667.12,7667.2375,7667.3725,7667.515,7667.6525,7667.775,7667.895,7668.005,7668.1075,7668.2475,7668.385,7668.545,7668.725,7668.9075,7669.1175,7669.34,7669.5375
49,2013-10-14,2013,"201310","20131014",7669.6675,7669.7375,7669.8,7669.8575,7669.915,7669.9675,7670.0425,7670.1575,7670.29,7670.395,7670.4875,7670.5925,7670.6925,7670.785,7670.87,7670.9625,7671.0625,7671.195,7671.3275,7671.48,7671.6575,7671.865,7672.06,7672.225
49,2013-10-15,2013,"201310","20131015",7672.34,7672.415,7672.475,7672.5275,7672.575,7672.6275,7672.7025,7672.815,7672.935,7673.05,7673.1525,7673.2625,7673.365,7673.455,7673.55,7673.6475,7673.755,7673.875,7674.0175,7674.205,7674.405,7674.6,7674.7925,7674.95
49,2013-10-16,2013,"201310","20131016",7675.065,7675.1425,7675.2075,7675.2625,7675.3125,7675.365,7675.4475,7675.565,7675.685,7675.7875,7675.88,7675.965,7676.0575,7676.14,7676.22,7676.31,7676.4275,7676.5175,7676.655,7676.855,7677.0475,7677.25,7677.4525,7677.6225
49,2013-10-17,2013,"201310","20131017",7677.745,7677.8175,7677.88,7677.9375,7677.99,7678.045,7678.125,7678.23,7678.35,7678.4525,7678.54,7678.6375,7678.735,7678.83,7678.91,7678.995,7679.09,7679.215,7679.3575,7679.51,7679.6875,7679.885,7680.0775,7680.2275
49,2013-10-18,2013,"201310","20131018",7680.345,7680.4175,7680.48,7680.53,7680.585,7680.6425,7680.72,7680.835,7680.965,7681.0775,7681.1725,7681.2725,7681.3725,7681.46,7681.54,7681.6225,7681.7325,7681.87,7682.03,7682.215,7682.4225,7682.635,7682.8475,7683.04
49,2013-10-19,2013,"201310","20131019",7683.185,7683.275,7683.3375,7683.3925,7683.4425,7683.4975,7683.5775,7683.67,7683.785,7683.9175,7684.0525,7684.175,7684.2875,7684.4,7684.5,7684.595,7684.6975,7684.825,7684.9725,7685.16,7685.38,7685.61,7685.855,7686.0675
49,2013-10-20,2013,"201310","20131020",7686.2375,7686.3475,7686.4325,7686.5,7686.5675,7686.63,7686.725,7686.8175,7686.945,7687.0875,7687.225,7687.3625,7687.4975,7687.615,7687.7225,7687.8275,7687.965,7688.1125,7688.29,7688.4925,7688.73,7688.96,7689.175,7689.36
49,2013-10-21,2013,"201310","20131021",7689.505,7689.6075,7689.69,7689.7575,7689.815,7689.8725,7689.9575,7690.09,7690.235,7690.35,7690.4425,7690.54,7690.6375,7690.725,7690.815,7690.9,7690.9925,7691.105,7691.2475,7691.4425,7691.65,7691.8675,7692.0925,7692.275
49,2013-10-22,2013,"201310","20131022",7692.4175,7692.5,7692.575,7692.6325,7692.6925,7692.7525,7692.8375,7692.95,7693.0825,7693.2025,7693.3,7693.4075,7693.51,7693.605,7693.69,7693.77,7693.8575,7693.98,7694.1525,7694.3625,7694.5725,7694.795,7695.03,7695.23
49,2013-10-23,2013,"201310","20131023",7695.3625,7695.4475,7695.515,7695.575,7695.635,7695.6925,7695.785,7695.915,7696.04,7696.1625,7696.2625,7696.3675,7696.4625,7696.55,7696.63,7696.7125,7696.8175,7696.94,7697.0775,7697.27,7697.5,7697.745,7697.9875,7698.1825
49,2013-10-24,2013,"201310","20131024",7698.3175,7698.415,7698.4975,7698.565,7698.6325,7698.7025,7698.79,7698.915,7699.05,7699.18,7699.285,7699.395,7699.52,7699.63,7699.745,7699.86,7699.975,7700.12,7700.295,7700.51,7700.75,7700.995,7701.2275,7701.4425
49,2013-10-25,2013,"201310","20131025",7701.5875,7701.6875,7701.7675,7701.8375,7701.9075,7701.975,7702.07,7702.2075,7702.37,7702.535,7702.66,7702.78,7702.895,7703.015,7703.125,7703.2375,7703.36,7703.505,7703.69,7703.8925,7704.13,7704.3825,7704.6625,7704.8975
49,2013-10-26,2013,"201310","20131026",7705.07,7705.1925,7705.2975,7705.3925,7705.48,7705.5725,7705.6825,7705.81,7705.995,7706.1925,7706.375,7706.54,7706.71,7706.85,7706.9825,7707.1175,7707.265,7707.44,7707.6225,7707.83,7708.0675,7708.325,7708.5875,7708.815
49,2013-10-27,2013,"201310","20131027",7709.0075,7709.1525,7709.265,7709.37,7709.47,7709.575,7709.695,7709.8275,7709.9925,7710.1875,7710.37,7710.535,7710.69,7710.85,7711.0025,7711.155,7711.3275,7711.5175,7711.775,7712.0625,7712.345,7712.6325,7712.92,7713.1675
49,2013-10-28,2013,"201310","20131028",7713.36,7713.5025,7713.6175,7713.72,7713.8225,7713.9225,7714.0525,7714.2175,7714.3925,7714.58,7714.745,7714.9,7715.055,7715.185,7715.305,7715.4275,7715.5875,7715.745,7715.9175,7716.1325,7716.3775,7716.64,7716.9,7717.115
49,2013-10-29,2013,"201310","20131029",7717.28,7717.3875,7717.4825,7717.57,7717.65,7717.7425,7717.86,7718.0225,7718.19,7718.34,7718.465,7718.6,7718.73,7718.855,7718.9725,7719.0875,7719.2225,7719.3525,7719.515,7719.7,7719.9225,7720.1675,7720.42,7720.6725
49,2013-10-30,2013,"201310","20131030",7720.8475,7720.9725,7721.0725,7721.1675,7721.26,7721.3475,7721.465,7721.6,7721.7775,7721.95,7722.1025,7722.2325,7722.3375,7722.44,7722.54,7722.6375,7722.7625,7722.8875,7723.045,7723.265,7723.51,7723.765,7724.0275,7724.26
49,2013-10-31,2013,"201310","20131031",7724.44,7724.5725,7724.68,7724.78,7724.8775,7724.98,7725.1125,7725.275,7725.44,7725.6,7725.735,7725.855,7725.97,7726.0875,7726.2075,7726.33,7726.46,7726.615,7726.8175,7727.025,7727.27,7727.5125,7727.7725,7728.0125
49,2013-11-01,2013,"201311","20131101",7728.1875,7728.31,7728.4175,7728.505,7728.5975,7728.6925,7728.8175,7728.975,7729.155,7729.3275,7729.4875,7729.635,7729.775,7729.905,7730.0275,7730.19,7730.35,7730.54,7730.7625,7731.02,7731.3225,7731.66,7732.01,7732.335
49,2013-11-02,2013,"201311","20131102",7732.5925,7732.775,7732.925,7733.06,7733.1925,7733.3175,7733.4675,7733.6225,7733.8025,7734.0125,7734.255,7734.48,7734.685,7734.87,7735.035,7735.2025,7735.395,7735.635,7735.8975,7736.18,7736.49,7736.8125,7737.1425,7737.4425
49,2013-11-03,2013,"201311","20131103",7737.67,7737.8225,7737.9475,7738.065,7738.185,7738.2975,7738.4475,7738.585,7738.77,7738.975,7739.1625,7739.35,7739.5275,7739.7,7739.865,7740.0225,7740.18,7740.365,7740.595,7740.855,7741.13,7741.415,7741.72,7741.97
49,2013-11-04,2013,"201311","20131104",7742.1675,7742.315,7742.425,7742.5275,7742.63,7742.7375,7742.8575,7743.035,7743.2275,7743.4025,7743.5375,7743.6725,7743.7975,7743.925,7744.05,7744.175,7744.2875,7744.425,7744.6,7744.8175,7745.0575,7745.305,7745.565,7745.7975
49,2013-11-05,2013,"201311","20131105",7745.91,7746.03,7746.13,7746.22,7746.3,7746.38,7746.48,0,7746.78,7746.96,7747.11,7747.24,7747.37,7747.5,7747.62,7747.71,7747.81,7747.93,7748.1,7748.34,0,7748.91,7749.22,7749.49
49,2013-11-06,2013,"201311","20131106",7749.7325,7749.85,7749.95,7750.0425,7750.13,7750.2275,7750.345,7750.4925,7750.675,7750.85,7750.985,7751.12,7751.245,7751.375,7751.4925,7751.605,7751.745,7751.9075,7752.11,7752.345,7752.6225,7752.9275,7753.2075,7753.46
49,2013-11-07,2013,"201311","20131107",7753.6325,7753.745,7753.845,7753.93,7754.02,7754.11,7754.24,7754.405,7754.5825,7754.75,7754.8925,7755.025,7755.135,7755.24,7755.3325,7755.43,7755.5325,7755.6875,7755.895,7756.1275,7756.4125,7756.7475,7757.0775,7757.34
49,2013-11-08,2013,"201311","20131108",7757.52,7757.65,7757.76,7757.865,7757.9725,7758.08,7758.2075,7758.36,7758.5725,7758.7775,7758.95,7759.1075,7759.2475,7759.38,7759.495,7759.605,7759.74,7759.915,7760.1325,7760.405,7760.6875,7761.0225,7761.3875,7761.7125
49,2013-11-09,2013,"201311","20131109",7761.97,7762.145,7762.305,7762.43,7762.555,7762.6775,7762.83,7762.995,7763.22,7763.4375,7763.6475,7763.86,7764.07,7764.2575,7764.415,7764.5825,7764.7725,7764.995,7765.2575,7765.57,7765.8925,7766.26,7766.65,7766.9675
49,2013-11-10,2013,"201311","20131110",7767.205,7767.38,7767.535,7767.665,7767.7925,7767.9275,7768.08,7768.2525,7768.4825,7768.7375,7768.965,7769.175,7769.38,7769.5625,7769.7325,7769.92,7770.1375,7770.3875,7770.715,7771.07,7771.445,7771.8775,7772.29,7772.625
49,2013-11-11,2013,"201311","20131111",7772.8975,7773.0875,7773.245,7773.375,7773.495,7773.6125,7773.7575,7773.9375,7774.1375,7774.335,7774.505,7774.6425,7774.7725,7774.895,7775.01,7775.125,7775.2725,7775.4575,7775.7025,7776.01,7776.3425,7776.69,7777.045,7777.37
49,2013-11-12,2013,"201311","20131112",7777.595,7777.7525,7777.875,7777.985,7778.1,7778.2075,7778.345,7778.5225,7778.74,7778.9475,7779.1025,7779.2425,7779.365,7779.4825,7779.5825,7779.68,7779.7975,7779.97,7780.2025,7780.4775,7780.7775,7781.105,7781.475,7781.7775
49,2013-11-13,2013,"201311","20131113",7781.98,7782.125,7782.245,7782.35,7782.4625,7782.5725,7782.705,7782.855,7783.0375,7783.21,7783.355,7783.495,7783.6375,7783.775,7783.89,7784.005,7784.14,7784.305,7784.5175,7784.8025,7785.075,7785.35,7785.6225,7785.855
49,2013-11-14,2013,"201311","20131114",7786.0125,7786.135,7786.2425,7786.33,7786.41,7786.4975,7786.62,7786.7775,7786.965,7787.1275,7787.2575,7787.395,7787.5225,7787.645,7787.7625,7787.875,7788.0025,7788.1775,7788.4125,7788.675,7788.9375,7789.2,7789.4675,7789.68
49,2013-11-15,2013,"201311","20131115",7789.835,7789.94,7790.0225,7790.0975,7790.17,7790.2525,7790.3575,7790.495,7790.65,7790.8125,7790.9525,7791.085,7791.21,7791.32,7791.42,7791.5175,7791.6425,7791.7975,7791.9875,7792.18,7792.37,7792.585,7792.8225,7793.0325
49,2013-11-16,2013,"201311","20131116",7793.1875,7793.29,7793.36,7793.4175,7793.48,7793.5475,7793.6425,7793.75,7793.9,7794.0675,7794.225,7794.3975,7794.555,7794.695,7794.82,7794.9375,7795.085,7795.2425,7795.4425,7795.66,7795.8825,7796.135,7796.3925,7796.615
49,2013-11-17,2013,"201311","20131117",7796.755,7796.845,7796.925,7796.985,7797.0475,7797.115,7797.2125,7797.3075,7797.44,7797.6,7797.7575,7797.9075,7798.06,7798.215,7798.355,7798.485,7798.6275,7798.8025,7799.02,7799.2375,7799.4525,7799.6725,7799.895,7800.085
49,2013-11-18,2013,"201311","20131118",7800.2175,7800.2975,7800.365,7800.4225,7800.48,7800.5425,7800.6325,7800.7575,7800.8925,7801.0325,7801.165,7801.295,7801.415,7801.5325,7801.6375,7801.74,7801.855,7801.98,7802.1475,7802.335,7802.5175,7802.71,7802.9125,7803.09
49,2013-11-19,2013,"201311","20131119",7803.2,7803.285,7803.355,7803.4075,7803.46,7803.515,7803.6,7803.7075,7803.845,7803.975,7804.0875,7804.205,7804.32,7804.415,7804.505,7804.6,7804.7025,7804.83,7804.9875,7805.1725,7805.375,7805.5775,7805.7775,7805.935
49,2013-11-20,2013,"201311","20131120",7806.0575,7806.145,7806.2175,7806.2775,7806.33,7806.3875,7806.4725,7806.57,7806.695,7806.815,7806.92,7807.0325,7807.135,7807.2375,7807.33,7807.41,7807.5025,7807.6325,7807.7925,7807.97,7808.155,7808.35,7808.5475,7808.715
49,2013-11-21,2013,"201311","20131121",7808.835,7808.915,7808.9775,7809.03,7809.0875,7809.1425,7809.23,7809.345,7809.465,7809.5825,7809.69,7809.7875,7809.8925,7809.9875,7810.075,7810.165,7810.26,7810.405,7810.5825,7810.77,7810.96,7811.1575,7811.3575,7811.515
49,2013-11-22,2013,"201311","20131122",7811.6275,7811.705,7811.775,7811.835,7811.895,7811.955,7812.035,7812.1525,7812.3,7812.4525,7812.565,7812.685,7812.79,7812.8875,7812.99,7813.0875,7813.2025,7813.3525,7813.535,7813.7275,7813.9175,7814.105,7814.325,7814.5175
49,2013-11-23,2013,"201311","20131123",7814.6575,7814.7475,7814.8175,7814.8725,7814.93,7814.9875,7815.065,7815.15,7815.2625,7815.4,7815.5275,7815.675,7815.8125,7815.9475,7816.065,7816.18,7816.305,7816.47,7816.6575,7816.865,7817.0775,7817.3075,7817.5275,7817.7075
49,2013-11-24,2013,"201311","20131124",7817.8325,7817.92,7817.985,7818.0425,7818.1,7818.1575,7818.24,7818.3125,7818.4325,7818.6125,7818.77,7818.92,7819.0675,7819.205,7819.325,7819.46,7819.615,7819.7775,7819.985,7820.19,7820.395,7820.6025,7820.8175,7821.015
49,2013-11-25,2013,"201311","20131125",7821.16,7821.255,7821.3175,7821.37,7821.4275,7821.48,7821.565,7821.6625,7821.785,7821.9075,7822.02,7822.1425,7822.27,7822.39,7822.49,7822.58,7822.6725,7822.8,7822.9625,7823.1575,7823.3725,7823.565,7823.75,7823.9225
49,2013-11-26,2013,"201311","20131126",7824.0375,7824.1075,7824.17,7824.2275,7824.2775,7824.335,7824.42,7824.515,7824.64,7824.77,7824.8775,7824.985,7825.1,7825.21,7825.3,7825.3925,7825.495,7825.63,7825.7975,7825.9925,7826.2025,7826.405,7826.62,7826.8025
49,2013-11-27,2013,"201311","20131127",7826.925,7827.005,7827.0775,7827.1425,7827.205,7827.2725,7827.3675,7827.4875,7827.61,7827.7275,7827.8425,7827.955,7828.065,7828.17,7828.26,7828.35,7828.4425,7828.59,7828.7675,7828.9675,7829.1725,7829.38,7829.5775,7829.765
49,2013-11-28,2013,"201311","20131128",7829.895,7829.975,7830.04,7830.105,7830.16,7830.22,7830.2975,7830.4175,7830.55,7830.6975,7830.815,7830.935,7831.0525,7831.1575,7831.255,7831.3525,7831.465,7831.6025,7831.7825,7831.9825,7832.185,7832.385,7832.5875,7832.7775
49,2013-11-29,2013,"201311","20131129",7832.8975,7832.98,7833.04,7833.095,7833.15,7833.205,7833.29,7833.395,7833.5325,7833.6775,7833.805,7833.93,7834.06,7834.17,7834.265,7834.3625,7834.48,7834.63,7834.81,7835.0075,7835.22,7835.44,7835.665,7835.8525
49,2013-11-30,2013,"201311","20131130",7835.9875,7836.08,7836.155,7836.215,7836.28,7836.3425,7836.4325,7836.525,7836.6625,7836.8375,7837,7837.1625,7837.3125,7837.4525,7837.575,7837.6875,7837.8225,7837.99,7838.19,7838.385,7838.585,7838.7875,7839,7839.1825
49,2013-12-01,2013,"201312","20131201",7839.325,7839.435,7839.5125,7839.58,7839.6375,7839.695,7839.775,7839.845,7839.9625,7840.1275,7840.285,7840.43,7840.5775,7840.7225,7840.845,7840.965,7841.095,7841.265,7841.4825,7841.6875,7841.895,7842.09,7842.295,7842.485
49,2013-12-02,2013,"201312","20131202",7842.62,7842.71,7842.7825,7842.83,7842.8825,7842.94,7843.02,7843.1325,7843.2825,7843.4275,7843.555,7843.685,7843.8025,7843.915,7844.015,7844.11,7844.21,7844.35,7844.5275,7844.725,7844.925,7845.115,7845.32,7845.485
49,2013-12-03,2013,"201312","20131203",7845.6125,7845.7,7845.77,7845.83,7845.8825,7845.9425,7846.03,7846.1275,7846.27,7846.405,7846.5275,7846.665,7846.785,7846.89,7846.9925,7847.09,7847.1975,7847.3525,7847.535,7847.735,7847.9375,7848.1375,7848.345,7848.525
49,2013-12-04,2013,"201312","20131204",7848.6525,7848.7325,7848.795,7848.8525,7848.9125,7848.97,7849.055,7849.165,7849.2975,7849.44,7849.5775,7849.705,7849.825,7849.9325,7850.03,7850.1175,7850.2275,7850.3775,7850.545,7850.725,7850.8925,7851.085,7851.285,7851.4525
49,2013-12-05,2013,"201312","20131205",7851.57,7851.6475,7851.71,7851.765,7851.825,7851.88,7851.9575,7852.065,7852.1925,7852.315,7852.435,7852.555,7852.6775,7852.7875,7852.88,7852.96,7853.0575,7853.185,7853.3525,7853.54,7853.7325,7853.93,7854.13,7854.295
49,2013-12-06,2013,"201312","20131206",7854.4075,7854.4875,7854.5475,7854.6025,7854.6525,7854.71,7854.8025,7854.9175,7855.07,7855.205,7855.3125,7855.43,7855.54,7855.6425,7855.745,7855.8475,7855.9875,7856.15,7856.33,7856.51,7856.7075,7856.9075,7857.095,7857.2775
49,2013-12-07,2013,"201312","20131207",7857.4325,7857.5475,7857.6275,7857.6925,7857.7575,7857.8225,7857.905,7857.98,7858.11,7858.2925,7858.475,7858.6375,7858.78,7858.9175,7859.045,7859.15,7859.2625,7859.4175,7859.625,7859.8275,7860.0425,7860.2475,7860.4725,7860.6775
49,2013-12-08,2013,"201312","20131208",7860.8125,7860.9,7860.97,7861.0225,7861.0775,7861.1325,7861.21,7861.2925,7861.41,7861.5525,7861.7,7861.8525,7862.01,7862.155,7862.2925,7862.4275,7862.585,7862.7775,7862.995,7863.1975,7863.4125,7863.6425,7863.855,7864.0425
49,2013-12-09,2013,"201312","20131209",7864.1825,7864.2675,7864.3375,7864.3975,7864.4575,7864.5175,7864.6,7864.7075,7864.85,7864.985,7865.0975,7865.2325,7865.355,7865.4675,7865.57,7865.6675,7865.7675,7865.895,7866.055,7866.245,7866.4425,7866.645,7866.8525,7867.0125
49,2013-12-10,2013,"201312","20131210",7867.12,7867.1975,7867.2525,7867.3075,7867.3625,7867.4175,7867.505,7867.595,7867.7325,7867.8725,7867.995,7868.125,7868.235,7868.3425,7868.44,7868.5225,7868.62,7868.77,7868.9375,7869.1225,7869.305,7869.5025,7869.695,7869.8725
49,2013-12-11,2013,"201312","20131211",7870.005,7870.09,7870.1575,7870.2125,7870.2675,7870.3225,7870.4,7870.505,7870.6425,7870.7725,7870.895,7871.02,7871.1225,7871.2275,7871.325,7871.41,7871.5,7871.6475,7871.8025,7871.9925,7872.19,7872.395,7872.5975,7872.7725
49,2013-12-12,2013,"201312","20131212",7872.8925,7872.98,7873.0425,7873.1025,7873.16,7873.2225,7873.3075,7873.41,7873.56,7873.695,7873.815,7873.9425,7874.055,7874.165,7874.26,7874.37,7874.485,7874.63,7874.795,7874.985,7875.17,7875.355,7875.5625,7875.7325
49,2013-12-13,2013,"201312","20131213",7875.8475,7875.9275,7875.99,7876.05,7876.1075,7876.17,7876.265,7876.37,7876.495,7876.62,7876.7225,7876.8375,7876.9475,7877.055,7877.145,7877.2475,7877.35,7877.495,7877.6725,7877.8475,7878.0275,7878.225,7878.4325,7878.625
49,2013-12-14,2013,"201312","20131214",7878.765,7878.855,7878.92,7878.97,7879.0275,7879.085,7879.155,7879.2475,7879.365,7879.51,7879.66,7879.82,7879.96,7880.08,7880.195,7880.3075,7880.4425,7880.615,7880.825,7881.025,7881.2325,7881.4475,7881.6675,7881.8625
49,2013-12-15,2013,"201312","20131215",7882,7882.095,7882.1725,7882.235,7882.29,7882.3475,7882.4275,7882.52,7882.635,7882.78,7882.9325,7883.085,7883.24,7883.3825,7883.505,7883.62,7883.75,7883.915,7884.1125,7884.3175,7884.5325,7884.7575,7884.9875,7885.1775
49,2013-12-16,2013,"201312","20131216",7885.3025,7885.39,7885.45,7885.5075,7885.56,7885.6125,7885.695,7885.7975,7885.9175,7886.0425,7886.1475,7886.265,7886.3725,7886.48,7886.5725,7886.665,7886.7725,7886.92,7887.09,7887.2725,7887.465,7887.665,7887.8525,7888.01
49,2013-12-17,2013,"201312","20131217",7888.1275,7888.205,7888.27,7888.32,7888.37,7888.425,7888.5025,7888.605,7888.73,7888.8725,7888.975,7889.08,7889.1825,7889.28,7889.3725,7889.4675,7889.565,7889.685,7889.855,7890.065,7890.2775,7890.485,7890.68,7890.835
49,2013-12-18,2013,"201312","20131218",7890.9525,7891.035,7891.095,7891.15,7891.21,7891.27,7891.3525,7891.465,7891.5875,7891.725,7891.8525,7891.97,7892.0725,7892.1675,7892.2625,7892.3525,7892.4525,7892.5925,7892.76,7892.94,7893.13,7893.3325,7893.5375,7893.69
49,2013-12-19,2013,"201312","20131219",7893.79,7893.8625,7893.9275,7893.9825,7894.0375,7894.0925,7894.17,7894.275,7894.41,7894.535,7894.6475,7894.755,7894.8525,7894.94,7895.02,7895.1,7895.195,7895.33,7895.4825,7895.6625,7895.845,7896.025,7896.2325,7896.42
49,2013-12-20,2013,"201312","20131220",7896.5575,7896.635,7896.7,7896.7525,7896.805,7896.8625,7896.94,7897.0325,7897.15,7897.2875,7897.41,7897.535,7897.65,7897.745,7897.8325,7897.9275,7898.0375,7898.1825,7898.34,7898.505,7898.68,7898.865,7899.085,7899.2875
49,2013-12-21,2013,"201312","20131221",7899.43,7899.52,7899.59,7899.645,7899.7,7899.7525,7899.8225,7899.9175,7900.0375,7900.185,7900.345,7900.4875,7900.625,7900.755,7900.87,7900.985,7901.11,7901.285,7901.5075,7901.7575,7902,7902.235,7902.4575,7902.66
49,2013-12-22,2013,"201312","20131222",7902.8025,7902.8975,7902.96,7903.0175,7903.0725,7903.1325,7903.21,7903.2825,7903.3875,7903.5525,7903.695,7903.8475,7903.99,7904.13,7904.26,7904.3975,7904.54,7904.72,7904.915,7905.13,7905.36,7905.6075,7905.8425,7906.0225
49,2013-12-23,2013,"201312","20131223",7906.155,7906.245,7906.31,7906.3625,7906.4175,7906.4725,7906.5575,7906.67,7906.795,7906.925,7907.04,7907.1525,7907.2625,7907.37,7907.4675,7907.555,7907.65,7907.785,7907.955,7908.145,7908.345,7908.555,7908.755,7908.9275
49,2013-12-24,2013,"201312","20131224",7909.04,7909.1225,7909.185,7909.245,7909.3,7909.3625,7909.4475,7909.555,7909.695,7909.825,7909.9275,7910.035,7910.14,7910.2375,7910.325,7910.415,7910.52,7910.66,7910.8475,7911.05,7911.235,7911.4275,7911.625,7911.8075
49,2013-12-25,2013,"201312","20131225",7911.93,7912.015,7912.08,7912.13,7912.1825,7912.24,7912.3225,7912.43,7912.5675,7912.695,7912.8,7912.91,7913.015,7913.1175,7913.2125,7913.3,7913.41,7913.545,7913.71,7913.895,7914.1,7914.3175,7914.5325,7914.7075
49,2013-12-26,2013,"201312","20131226",7914.815,7914.895,7914.9625,7915.025,7915.0825,7915.1375,7915.2225,7915.3325,7915.4625,7915.595,7915.7275,7915.8525,7915.975,7916.08,7916.17,7916.26,7916.3525,7916.47,7916.63,7916.805,7917.0025,7917.195,7917.395,7917.5625
49,2013-12-27,2013,"201312","20131227",7917.6825,7917.76,7917.8275,7917.88,7917.9325,7917.985,7918.065,7918.165,7918.275,7918.405,7918.5275,7918.64,7918.7375,7918.8225,7918.91,7919.0025,7919.1225,7919.265,7919.43,7919.605,7919.795,7919.995,7920.195,7920.3875
49,2013-12-28,2013,"201312","20131228",7920.5275,7920.605,7920.665,7920.7225,7920.7725,7920.835,7920.91,7920.9825,7921.0975,7921.2475,7921.3925,7921.56,7921.705,7921.83,7921.9425,7922.045,7922.1675,7922.345,7922.54,7922.735,7922.935,7923.13,7923.34,7923.5225
49,2013-12-29,2013,"201312","20131229",7923.655,7923.7425,7923.8075,7923.86,7923.9125,7923.965,7924.04,7924.1125,7924.235,7924.38,7924.5275,7924.6875,7924.8325,7924.97,7925.095,7925.215,7925.3575,7925.535,7925.7625,7925.9925,7926.205,7926.4225,7926.65,7926.835
49,2013-12-30,2013,"201312","20131230",7926.9575,7927.0325,7927.1,7927.1575,7927.21,7927.2625,7927.34,7927.4725,7927.6275,7927.765,7927.8775,7927.99,7928.1025,7928.1975,7928.29,7928.3725,7928.47,7928.6,7928.77,7928.9775,7929.2,7929.42,7929.6325,7929.825
49,2013-12-31,2013,"201312","20131231",7929.9525,7930.0375,7930.1,7930.1525,7930.21,7930.265,7930.3425,7930.4475,7930.59,7930.725,7930.8525,7930.9725,7931.08,7931.1875,7931.2875,7931.38,7931.48,7931.6375,7931.8425,7932.045,7932.2525,7932.4775,7932.705,7932.915
