593,1.02416,75.8732,0,0
2508,1,70.611,0.86426,0.11795
2488,1.0845,39.7751,0,0
155,1.05495,45.9962,0,0
2379,1.04796,64.4866,-0.07784,-0.05083
2365,0.994806,47.6546,0,0
2277,1.03911,57.3403,0.01265,0.02249
490,1.02484,64.2402,0,0
2262,1.04327,43.3477,-0.03622,-0.00766
569,1.02118,61.5821,0,0
555,1.01554,55.0997,0,0
1846,1.01971,40.9582,0,0
1702,1.01163,53.3542,-0.00251,-0.00362
1837,1.02449,51.1703,-0.31345,-0.15834
2135,1,60.8792,0.01107,-0.00024
2011,1,60.9793,0.38149,-0.05498
1742,0.972825,34.3267,0,0
1772,1.04698,37.859,0,0
2032,1.06007,45.5477,0,0
321,1.04375,47.1735,0,0
2189,0.981213,62.4137,0,0
2163,1.00828,60.2808,0,0
439,1.08643,40.0934,0,0
2206,1.01895,41.7209,0,0
1708,1.0036,56.6322,0.00072,0.00732
1824,0.976647,61.8263,0,0
1497,1.05592,48.5024,-0.39507,-0.03681
1413,1.05229,42.5493,-0.21466,-0.11588
56,1.05467,43.8765,0,0
137,1.03262,51.0621,0,0.0348
1341,1.0628,44.4806,-0.37398,0.01433
1285,0.994075,38.8051,0,0
176,1.04658,43.4021,0,0
1480,1.05431,47.8846,-0.00011,0.01075
1253,1.03627,38.3755,-0.749,-0.14064
857,1.07685,49.3943,0,0
849,1,51.7984,0.31824,-0.02121
756,1,44.9247,0.31277,0.02835
141,1.05909,55.6903,0,0
304,0.952382,57.6063,0.00478,0.00369
49,1.04991,51.3856,0,0
728,1,63.5837,1.00748,0.02162
1573,1.02252,40.7794,-0.07337,-0.01355
63,1.04166,48.2375,0,0
668,1,64.9981,6.11147,0.80422
1052,1.06504,41.9891,-0.40338,0.01142
1193,1.16794,35.9208,-1.39131,-0.16218
1158,1.04298,42.6201,-0.13368,-0.02855
825,1.09345,42.006,0,0
1295,1.03752,49.8588,-0.4055,-0.05027
130,1.02693,53.2379,0,0
147,1.04318,47.9408,0,0
1596,1.03644,37.8016,-0.67201,-0.12164
1118,1.0441,48.9564,-0.09785,-0.03151
1049,1.15525,43.331,-0.43684,-0.04917
239,1.05545,46.074,0,0
815,1,52.6364,0.13939,0.02496
1450,1.0264,57.1188,-0.01354,-0.18178
69,1.07565,41.7267,0,0.05345
1210,1.01789,39.7461,0,0
61,1.05505,43.9839,-0.13327,-0.03236
633,1.0422,44.7916,0,0
228,1.03833,58.2031,0,0
14,1.0544,46.964,7.08436,3.55756
632,1.04991,51.3905,0,0
2446,0.98079,58.53,0,0
2364,1,54.903,0.1679,0.04486
510,1.00561,66.5581,0,0
2335,0.990192,52.6662,-0.00546,0.00939
2393,1.06941,42.9411,-0.00186,0.00194
1913,1,52.9326,0.28511,-0.03628
1767,0.981968,54.0944,-0.06593,0.08359
1851,1.01609,38.342,-0.03611,0.11103
2314,1,77.3362,0,0
1948,1.00301,61.2899,0,0
1926,1.0319,35.1401,-1.04018,-0.193
2536,1,78.9502,0.24427,-0.04577
484,1.035,47.6131,0,0
1858,1.0336,36.8354,-0.00026,0.00507
274,1.03527,48.8075,0,0
262,1.04096,41.3323,0,0
1633,0.996619,48.199,0,0
1681,1.04799,56.7688,-0.05716,-0.01493
1796,1.06016,43.4706,0,0
1726,1.04029,36.5803,-0.00192,0.00525
2025,0.984729,57.2845,0,0
1687,1.01253,41.5806,-0.00204,0.06878
2142,1,60.8273,0.00685,-0.00031
18,1.05779,45.167,0,0
1696,1.01793,40.3156,-0.00126,0.08862
2543,1.02777,64.3754,0,0
2013,0.904079,55.5404,0,0
2212,1,59.6994,0.10011,0.03233
2409,1.0957,64.6857,0,0
1799,1.06024,43.4843,0,0
1617,1.05473,40.6426,-0.1921,-0.30661
1682,1.04156,40.0068,0,0
1771,1.05999,54.0162,-0.002,0.00462
1956,0.962478,47.481,-0.00558,-0.00173
1787,0.992901,59.6077,0,0
323,1.01265,54.3922,0,0
2107,1,51.4872,0.01501,0.01219
2111,1,61.5749,0.02075,0.00386
2133,1,60.9178,0.01421,-0.00032
1874,0.995962,44.548,0,0
1899,1.03096,44.6263,-0.01369,0.00422
2209,1.03136,39.3089,0,0
1690,1.01538,42.1195,-0.00111,0.00398
2240,1.06424,44.4727,-0.43699,0.03667
1559,1.04959,43.7472,0,0
1520,1.04967,43.8354,0,0
1498,1.0077,48.3327,-0.00338,0.07367
1476,1.06407,41.5671,-0.51287,-0.03931
1473,1.04908,44.6453,-0.193,0.02402
1443,1.01803,38.3253,-0.44827,-0.02271
1411,0.988257,34.5441,-0.00228,0.05393
1282,0.99474,38.8125,0,0
1274,1.01622,37.631,-0.61288,6e-05
1269,0.994082,40.981,-0.01944,0.07022
1377,1.0657,41.7071,-0.57438,-0.05066
1134,0.993343,46.204,-0.00208,0.00604
860,1,58.9766,0.06705,0.01692
858,1.0956,49.4199,0,0
1189,0.985801,41.3424,0,0
311,1.04143,57.8047,0,0
1577,0.971648,56.566,0,0
225,1.04238,56.1955,0,0
81,1.03392,51.9284,0,0
939,1,63.0183,0.42713,0.01241
834,0.979107,45.9598,0.00951,-0.45715
797,1,45.1198,0.4185,0.10895
707,1,57.4711,0.79682,0.11547
941,1.03741,42.371,0,0.00139
1308,1.01402,41.5826,0.00448,0.09632
948,1.01188,50.8177,0,0
1050,1.09783,43.1677,-0.00087,0.0005
1056,1.016,37.635,-0.02916,-0.01597
1076,1.05394,53.7576,-0.37466,-0.14521
1330,1.02076,41.0418,0,0
767,1,57.5458,1.49617,0.27317
1131,0.992074,46.0423,-0.04513,-0.00713
1141,1.0034,36.2144,0,0
595,1.04227,41.0615,-0.60306,-0.03154
2,1.06515,47.7105,0.1126,0.30439
258,1.06859,44.4123,-1.17415,-0.08855
2593,1.05751,57.5829,0.07398,-0.03473
2521,1.00121,45.351,0.02693,0.00453
2506,1.08223,41.5232,-0.36502,-0.03078
2557,1,79.5277,0.39204,-0.02559
2414,1,59.2194,0.34433,-0.00327
2362,1.00017,67.2097,0,0
2427,1,65.4367,0.98241,0.07314
2354,0.899912,63.9809,0,0
2329,0.972821,52.9688,0,0
2312,1.02329,61.6911,0.18531,-0.01191
2276,1.03926,57.3468,0,0
566,0.940197,54.7356,0,0
1849,1.00709,38.5218,0,0
1735,1.02716,41.3178,0.00047,0.31223
1736,0.973228,41.5421,0,0
2124,1,61.3673,0.00368,0.00376
483,1.04716,45.0821,0,0
367,1.05751,42.2255,0,0
1859,0.993339,36.8721,0,0
1621,0.995747,45.6694,0,0
2255,1.10717,43.3756,0,0
1915,0.975982,64.5136,0,0
282,1.07188,45.4404,0,0
1639,0.964016,56.6041,0,0
2026,0.879567,57.3298,0,0
1611,1.05866,35.977,-0.49989,-0.04654
1977,1.01234,36.326,0,0
2081,1.14244,38.7662,-0.45809,-0.11197
1705,1.02364,43.4813,0.0052,0.00133
2080,1.0849,38.6465,0,0
625,1.06989,45.2016,0,0.02228
1934,1,64.9111,0.10711,-0.02778
603,0.999915,67.0301,0,0
2553,1.02511,35.4498,-0.00163,0.10196
1928,0.979392,34.7244,0,0
2035,1.0555,37.5489,-0.50328,-0.14252
1732,1.06377,58.1876,-0.00141,-0.08201
2151,1,60.8558,0.00917,-0.00033
1619,1.04805,45.8848,-0.49047,-0.08252
2250,1.00117,76.0666,-0.00571,-0.1925
2210,1.08442,39.4609,-0.44685,0.06903
2199,1.04966,42.527,-2e-05,0.24537
469,1.03667,49.5277,0,0
2385,1,62.6667,0.81055,0.46352
1533,1.16525,39.7553,-0.2956,-0.05417
1323,1.03121,37.1288,-0.05765,0.10739
1313,1.03865,46.9384,-0.41593,0.06507
41,1.03764,49.1249,0,0
1524,1.04674,44.1354,-0.43354,0.01532
954,1.05562,45.2139,0,0
861,0.952447,57.6222,0,0
1271,1.04631,41.2367,-0.46808,-0.08604
206,1.04953,44.3848,0,0
718,1,49.6538,0.64679,0.19018
1392,1.09935,44.2059,-0.19993,-0.01692
315,1.00828,54.5739,0,0
1033,1.00079,43.5686,0,0
998,1.10716,36.5103,-0.61627,-0.0567
1153,1.00553,43.0561,0,0
51,1.04553,45.3446,0,0
997,1.05218,36.2741,0,0
904,1.10658,40.6469,0,0
773,1,59.1064,1.8192,0.27204
960,1,54.1101,3.37714,-0.32396
889,0.906348,48.1611,0,0
1162,1.01305,41.4178,0,0
85,1.03799,51.8946,-4e-05,-0.0003
694,1,66.1517,2.04694,0.04179
1336,1.00503,35.8527,0,0
1149,1.02718,58.9569,-0.07482,0.0582
940,0.985976,42.371,0,0
1550,1.02072,36.6588,0,0
866,0.999907,59.2242,0,0
1145,1.0504,36.6217,-0.83811,-0.0415
8,1.05443,56.3287,0,0
1069,0.978794,48.2774,0,0
958,1.02413,40.845,0,0
393,1.03989,49.4621,0,0
1154,1.05788,43.2054,-0.40348,-0.021
764,1,63.7822,0.52647,-0.05603
869,1.00374,59.9414,-0.01326,0.02338
246,1.0719,45.7725,0,0.1537
1200,0.98976,36.092,-0.04345,0.00792
1221,1.02147,40.192,0.00012,0.00406
204,1.03597,57.7504,0,0
16,1.06625,45.3832,-8.67411,-0.64805
467,1.06795,42.8187,0.01305,0.03159
21,1.03727,57.2094,0.3343,-0.0234
568,1.06897,44.7793,-0.25405,0.01089
2489,1.19766,39.7138,0,0
546,1.01914,55.7435,0,0
2372,1.04337,61.7746,0.43078,-0.09601
2368,0.991048,61.923,0,0
531,1.04469,47.9791,0,0
506,0.995702,77.9504,0,0
497,1.05777,42.322,0,0
2575,1,75.5904,-0.00181,0.00742
363,0.929271,49.7339,-0.01501,-0.00219
1871,1.01657,44.751,0,0
2501,1,64.2669,0.09493,0.01571
2264,1.07627,64.1907,-0.00183,0.00585
2296,1.01511,40.0463,-0.37381,0.00177
1761,1.07713,38.6236,-0.81626,-0.17719
424,1.06023,45.7422,0,0.10895
2211,1.03139,39.3102,0.00051,0.00069
1676,1.05898,36.3377,-0.00049,0.10232
2020,1.11335,48.3556,-0.28072,-0.07196
309,1.01849,40.0913,0,0
466,1.04878,43.6361,0,0
231,1.04785,58.4487,0,0
1906,1.10347,42.0165,-0.01723,-0.00854
261,1.05176,57.1557,0,0
1908,1.03262,43.8539,-0.98723,-0.33267
433,1.04457,61.0048,0,0
1987,1.05408,58.6819,0.1945,0.06821
2051,1.01251,41.5428,-0.03319,-0.00919
2327,0.922275,66.5947,0,0
596,1.04381,61.5641,0,0
1917,0.975904,64.5014,0,0
2112,1,61.4878,0.01359,0.00416
256,1.05949,42.0931,0,0
1703,1.02356,43.4643,0,0
2087,1.07982,58.4741,-0.18326,0.06906
2577,1,60.3367,3.02801,0.01546
2150,1,60.9314,0.01532,-0.00031
453,1.01342,57.6632,0,0
1898,1.04233,44.8342,-0.38971,-0.04944
1562,1.06033,43.7912,0,0
1554,1.07715,46.7795,-0.19178,0.40015
1544,1.01269,40.8649,0,0
1482,1.10559,47.8645,-0.40537,-0.07319
1478,1.05215,47.8882,0,0
1445,0.997331,59.4549,0,0
1430,1.01212,38.5965,0,0
1389,1.09935,44.2059,-0.19993,-0.01692
57,1.07435,49.5008,0,0
1288,1.0293,47.8824,0,0
870,1,60.0695,0.01331,0.00159
82,1.03401,51.962,0,0
40,1.02373,53.0484,0.02311,-0.00553
658,1,64.791,5.78924,0.79039
1026,0.977722,37.8353,-0.00372,-0.00666
1218,1.03399,40.2389,0.00071,0.18375
693,1,60.4645,2.18289,0.055
1037,1.05164,43.6917,-0.51972,-0.03804
898,0.853056,54.7213,0,0
22,1.04062,57.9099,0,0
1600,1.07684,59.83,-0.00578,0.00127
724,0.999705,49.8781,0,0
848,1,49.8481,0.12713,-0.02048
784,1,57.7475,0.56721,0.00108
831,1.04724,45.917,0,0
1013,1.09878,48.3253,-0.2131,0.07428
754,1,64.3808,1.21391,0.17645
1159,1.01221,41.3536,0,0
1207,0.979278,59.1043,0,0
1300,1.00166,42.377,0,0
135,1.06713,47.3138,0,0
36,1.04694,63.2024,0,0
978,0.857333,50.2549,0,0
1428,1.06069,38.9485,-0.63474,-0.02762
1561,1.04756,42.9519,-0.07256,-0.00855
969,1,60.0716,2.19947,-0.03464
992,1.07233,40.2622,-0.58077,-0.04904
689,1,45.0977,0.2975,0.24121
766,1,63.002,0.61049,-0.09899
1201,1.00673,37.5648,0,0
1217,1.07534,40.3547,-0.27213,-0.05901
1235,1.04286,34.5297,-0.85569,-0.09631
2611,1,52.5065,0.56132,0.08363
2523,1.05446,45.9782,-0.001,0.00353
2474,1.01179,54.5663,0,0
2463,1.05995,62.1147,0,0
2462,0.992702,62.1147,0,0
2448,0.980473,58.5403,0.00184,-0.00347
564,1.02523,60.4967,0,0
2367,0.995661,47.4477,-0.01718,0.00446
2356,1.11401,44.3374,-0.57234,-0.02248
2275,1.0262,54.5477,0.00373,-0.00181
287,1.03334,56.3255,0,0
2315,1,81.4389,0.16437,-0.0054
1752,1.05604,36.3973,-0.54507,-0.03023
2123,1,61.3646,0.00346,0.00346
480,1.04495,42.4478,0,0
1909,0.991663,43.3941,0.00095,0.19716
1939,1.02316,60.9509,0,0
1635,0.996982,48.2007,0.00073,0.00699
378,1.02491,63.9108,0,0
1875,1.04838,44.6378,-0.20109,-0.08435
1843,1.01968,40.9659,0,0
420,1.05426,44.804,0,0
449,1.03617,51.2665,0,0
2280,1.03912,57.3455,0.01371,0.0225
1885,1.07753,36.6189,-1.27877,-0.0259
793,1,49.7252,0,0
1762,1.0339,38.2822,-0.00164,0.18659
1963,1.0311,51.0015,-0.11177,0.05017
417,1.05172,58.5443,0,0
77,1.06773,51.6897,0,0
2146,1,60.8051,0.00504,-0.00031
2337,0.98697,52.0805,-0.1338,-0.02205
2058,0.959909,51.8543,0,0
1692,1.06844,40.5087,-0.42412,-0.05122
2480,0.999947,57.1413,0,0
2194,0.989486,56.9862,-0.51331,-0.04733
2230,1.01258,37.9947,0,0
1706,0.964136,56.6307,0,0
1581,1.02223,56.7099,-0.32963,0.10263
1541,1.01267,40.8907,0,0
1462,0.99818,37.3474,-0.01683,0.05964
1419,1.05664,34.9335,-1.02398,0.03873
1417,1.04501,42.4057,-0.00715,-0.00553
1396,1.09826,43.7878,-0.19798,-0.02181
1350,1.06933,40.3604,-0.45651,0.01748
1257,0.988599,37.9626,-0.00202,0.05044
1009,1.04543,48.2343,0,0
882,0.963986,52.5534,0,0
630,1.07163,42.2172,-3.25918,0.81191
841,0.97602,53.2378,0,0
100,1.05845,53.5144,0,0
788,1,64.1533,5.79255,-0.03663
1108,0.989941,38.3618,0,0
669,1,64.2986,5.2192,0.53999
1067,1.02894,48.4704,-0.52488,-0.09804
842,1.02695,53.2377,-1e-05,5e-05
1223,1.06338,40.3325,-0.28565,-0.05763
1353,1.06849,40.3441,-0.45757,-0.07111
1093,1.008,48.3277,0,0
687,1,70.5179,5.41234,-0.24556
1246,1.03782,34.1881,0,0
1368,1.0873,46.2552,-0.41264,-0.08982
681,1,51.075,1.48956,-0.04198
177,1.04848,49.0384,0,0
160,1.04404,57.6366,0,0
1004,1.07962,38.069,-0.69049,-0.11157
1019,1.03211,49.3843,-0.47382,-0.02351
649,1,57.4637,0.22053,-0.03911
375,1.02911,42.0445,0,0
1203,1.00727,37.2854,-0.05738,0.00764
4,1.09943,49.0485,0,0
708,1,57.0224,0.31335,0.0062
962,0.88544,58.0262,0,0
1079,1.05416,53.7674,-0.37723,-0.1419
1040,1.06536,40.8059,-0.21986,0.05712
1045,1.09583,43.1569,0,0
1051,1.01272,41.8545,0,0
1089,0.989996,38.488,-0.00183,0.00022
1068,0.983142,48.209,-0.00563,0.09392
696,1,57.9968,1.08964,-0.03821
1181,1.0703,43.0161,-0.47563,-0.12482
1194,1.11439,35.5127,-0.00818,0.08248
1208,1.03115,59.2015,-0.24536,-0.16368
33,1.0463,45.6194,-2.12818,-0.73503
523,1.03522,52.4095,-0.00622,0.09694
302,1.00511,44.2975,0.17033,0.0635
626,1.07327,44.8628,-0.23593,0.13382
2621,0.988284,40.5396,-0.00044,-0.00029
2627,1.05223,59.4499,0.06712,-0.21476
2639,1,61.5908,0,0
611,1.06188,50.3966,0,0
2525,1,75.9029,0.29159,-0.06393
2402,1.03787,40.911,-0.00238,0.00295
2376,1.04769,64.4671,-0.08348,-0.00989
72,1.03663,57.287,0,0
1969,1.09552,42.601,-0.35615,-0.00347
2118,1,61.382,0.00489,0.00396
1836,0.972807,51.0408,0,0
2528,1.1159,37.4819,-0.70995,-0.07725
2382,0.954521,66.7137,0,0
2096,1,54.2941,2.55727,0.23475
1677,1.0101,34.8281,-0.52935,0.08006
1916,0.905182,64.5505,0,0
438,1.03677,50.3378,0,0
2009,0.984537,55.0247,-0.00181,-0.00292
2546,1.08017,42.56,-0.2484,-0.09014
264,1.03104,60.7369,0,0
2062,0.997253,50.3165,0.08826,0.03637
236,1.05128,45.641,0,0
344,1.05253,45.7406,0,0
1667,1.09193,55.265,-0.38008,-0.04888
2313,1,78.8968,0.13837,0.01246
2270,1.04891,38.9325,-0.20615,0.01598
215,1.0369,39.2885,0,0
481,1.02245,75.6819,0,0
2127,1,61.3841,0.00506,0.00411
1946,1.00301,61.2894,0,0
2421,1.00803,46.1051,0,0
1829,1.02187,61.5064,-0.05741,0.06044
1711,1.00535,51.632,-0.00019,0.00021
1775,1.04626,37.9194,0,0
447,1.05445,58.8034,0,0
2109,1,61.4917,0.01391,0.0039
2148,1,60.8305,0.00711,-0.00032
1765,1.03373,38.2607,-0.00309,0.18408
2548,1.00471,35.4945,0,0
613,1.02841,75.6373,0,0
602,1.00007,67.0104,0,0
2185,1.00507,38.5489,-0.0033,0.06935
2217,1.05016,42.9539,0,0
2245,1.07958,38.6088,0,0
2623,1.01135,51.8213,0,0
2641,0.981774,44.8085,0,0
290,1.06213,46.0041,0,0
1439,0.967542,38.1102,0,0
518,1.00071,52.7876,0,0
114,1.06554,41.9916,0,0
1276,0.969481,37.3122,0,0
1273,0.966263,37.3877,0,0
1258,0.981514,57.6554,0,0
45,1.04633,42.0056,0,0
1001,1.10671,36.5203,-0.61078,0.03165
1098,1.04201,46.8673,-0.16226,-0.05212
973,0.917727,55.6637,0,0
332,1.04247,48.645,0,0
864,1.01239,50.7946,0,0
151,1.02242,50.8301,0,0
776,1,53.095,0.50571,0.04198
1206,0.997373,59.1425,-0.00406,0.07109
675,1.07095,42.0775,0,0
878,1.04581,41.7943,0,0
312,1.04586,51.4383,0,0
1593,1.03616,37.6349,-0.67849,-0.12276
972,0.990385,55.6318,0,0
1592,0.984722,37.452,0,0
813,1,54.3398,0.10611,0.01737
655,1,58.8871,6.24137,0.62887
729,1,61.2442,0.41263,-0.01033
1584,1.04111,50.2295,0.0576,0.00213
1395,1.09935,44.2059,-0.19993,-0.01692
919,1.04023,42.1947,0,0
271,1.05947,45.9822,0,0
1179,1.00513,36.7382,0.00064,-0.0014
899,1.05235,43.3059,0,0
1177,1.00525,36.735,0,0
934,1.06885,45.5067,0,0
840,1.118,51.6728,0.51973,0.0828
1138,1.01541,42.8085,0,0
956,1.05563,45.2158,0,0
291,1.00797,52.1109,0,0
1034,1.05263,43.7938,-0.49361,-0.02546
298,0.967064,53.2485,0,0
1012,1.04494,48.2506,0,0
1092,0.999604,38.4888,0.00283,0.00028
1070,1.02939,48.5088,-0.51841,0.00371
1071,0.978977,48.2572,-0.00565,0.00319
1477,1.01689,41.0862,-0.05511,0.07931
1130,1.04464,46.5846,-0.57667,-0.05678
640,1.05693,45.3245,0.00195,0.02289
34,1.04374,45.7599,-2.10436,-0.53398
641,1.05804,45.3131,0.00131,-0.06492
548,1.05147,40.4514,-0.75817,0.00895
474,1.06391,40.7439,-0.67746,-0.06361
2511,0.9999,65.8841,0,0
2476,1,59.5347,0.22894,0.01989
184,1.03974,43.5619,0,0
2449,0.980975,58.5177,0,0
2386,1,57.0787,-0.0015,0.06673
2377,1.04801,64.4904,0,0
2346,0.974596,66.3742,-0.0046,0.05279
2322,1,59.8816,1.40747,-0.2035
2254,1.11032,43.3922,0,0
377,1.02608,64.2592,0,0
471,1.05042,45.0841,0,0
1904,1.10399,42.0693,0,0
1860,1.04508,37.0983,-0.60008,-0.03275
352,1.04463,42.0101,0,0
1800,1.11621,43.6089,-0.3603,-0.12703
1658,1.06043,49.2733,-0.48141,-0.09072
120,1.03927,39.5663,0,0
242,1.02452,41.1749,0,0
2060,0.999345,51.9615,0.02848,0.00724
1728,1.08244,59.0853,-0.00183,0.01112
1749,1.05284,44.9329,-0.51817,-0.21184
1979,1.02823,34.9532,-0.14682,0.10127
338,1.03247,56.9798,0,0
2050,1.06564,41.7625,-0.35064,0.0001
2326,0.886725,66.5927,0,0
2125,1,61.3255,0.00024,0.00428
2431,1,59.1937,0.04034,-0.00097
2554,1,67.0464,0.28996,-0.02156
1967,1.05347,43.3982,-0.00238,0.00345
400,1.05021,39.9674,0,0
2001,1,60.5372,0,0
1678,1.0652,59.5543,-0.10824,-0.05735
1610,1.0064,35.8083,0,0
2033,1.05997,45.4986,0,0
594,1.02432,75.8855,0,0
2036,1.04956,36.8731,-0.16768,-0.01059
2089,1.07006,38.2895,0,0
2061,0.948019,50.3622,0,0
2232,1.00251,37.6479,-0.02626,0.19557
2234,1.09084,40.5937,-0.42766,-0.1244
2239,1.01192,44.3491,0,0
2547,1.03117,42.4342,-0.00243,0.07513
2161,1.00827,60.1552,0.42117,0.04191
2492,0.944355,37.3267,0,0
434,1.02338,50.8667,0,0
2300,1.03038,36.9638,0.00096,0.18647
2292,0.964819,39.9085,0,0
2221,1,51.0215,3.42021,0.05647
1563,1.06053,43.9881,-0.49458,-0.07056
1558,1.01111,41.933,-0.0139,0.10511
1543,1.01262,40.8984,0.00303,-0.00133
1542,1.0653,41.079,-0.56735,-0.02205
1515,1.09174,41.052,-0.3286,-0.08294
1488,1.05198,56.6262,-0.09514,0.05809
1432,1.03394,38.4841,-0.0262,0.38856
1268,1.04358,41.2292,-0.46804,-0.20821
1133,1.04376,45.9007,-0.61835,-0.06096
1380,1.04591,41.9217,-0.2234,-0.06823
1365,1.02959,47.1389,-0.73027,0.00684
1125,1.00255,36.2181,-0.03315,0.02329
891,1.03076,41.3953,0,0
829,1.04595,42.0064,-0.00194,-0.00972
212,1.03819,49.5818,0,0.01293
201,1.01479,50.0394,0,0
211,1.04588,58.2219,0,0
1453,1.01461,41.5375,-0.00263,0.06174
1298,1.03882,49.8761,-0.41017,-0.02836
161,1.03922,48.7534,0,0
792,1,54.4127,0.60501,0.01724
876,0.990364,55.6649,0,0
1369,1.04313,46.0737,-0.00078,0.17692
663,1,64.9388,6.064,0.96426
313,1.04653,51.5176,0,0
1097,1.05886,47.7963,-0.5752,-0.20425
963,0.926831,56.5643,-0.39905,-0.06932
178,1.06068,53.9601,0,0
241,1.0637,47.6364,0,0
1339,1.03076,49.4324,-0.36113,-0.11252
945,1.09722,52.4556,-0.07207,-0.00641
701,1,50.1805,0.26819,0.01374
802,1,57.4938,0.6123,0.04809
897,0.958304,54.676,0,0
818,1.1131,47.257,-0.04425,-0.09522
1100,1.09555,46.0577,-0.44268,-0.04711
1331,1.07607,41.4901,-1.06235,-0.33814
1174,1.00461,36.7471,0,0
257,1.06903,43.955,-0.39968,0.05203
384,1.04275,42.2948,-1.99773,-0.86341
2588,1.09997,38.0422,-0.43815,-0.08309
2572,1.03216,64.6274,-0.00269,0.01436
2369,1.04334,61.7751,0.43034,-0.09637
2428,1,65.4542,0.9843,0.07356
2353,0.982964,63.9382,0,0
2333,0.987877,52.748,0,0
2332,0.926006,52.9833,0,0
1914,1,55.1553,0.2629,-0.04112
368,1.03646,49.1019,0,0
2388,1.06903,42.9524,0,0
1861,1.03091,36.4032,-0.16595,-0.04812
1925,0.980016,34.7226,0,0
1720,1.0308,50.1223,0.01422,0.00842
1758,1.04677,44.5556,-0.59014,-0.2793
2316,1.0015,77.1523,-0.0022,0.00103
459,1.04423,61.8434,0,0
2016,1.05833,48.2425,0,0
1912,1.00504,32.5918,-0.00092,0.16518
1695,1.06586,40.5577,-0.52367,-0.06195
2014,0.920488,55.4883,-0.05014,0.01051
1905,1.14879,42.0746,-0.01723,-0.00909
1975,1.06441,36.5302,-0.7934,0.11477
429,1.01024,55.659,0,0
1981,1.07149,50.5996,0.34182,-0.00339
1740,1.05777,35.2528,-1.08066,0.04199
1770,1.01809,53.8749,0.41972,0.09637
1935,1,65.8855,0.21084,0.05565
1788,1.04494,59.7411,-0.49231,-0.09318
1991,0.99291,61.8954,-0.00369,-0.09635
430,1.02568,51.8745,0,0
1997,1.03689,60.2282,-0.02845,0.02286
89,1.05442,56.6054,0,0
452,1.01775,58.3517,0,0
2145,1,60.8153,0.00587,-0.00031
382,1.06177,60.7596,0,0
2038,1.02072,37.4246,-0.76272,-0.00148
2153,0.987975,60.7894,0,0
2076,1.03297,38.6063,0.00379,0.16433
2027,1.03275,49.3807,0,0
464,1.02715,64.0981,0,0
2103,1.04034,43.4642,-0.00694,-0.02021
1879,0.924509,33.612,-0.99971,-0.01945
570,1.03134,63.9866,0,0
2541,0.902213,57.8223,-0.01962,0.0003
2203,1.01867,41.7061,0,0
2249,1.02408,76.0362,0.0711,0.07701
260,1.05117,57.1547,0,0
1460,0.993826,37.4257,0,0
79,1.04923,39.7891,0,0
1405,1.01998,38.6876,-0.00168,0.06883
1387,1.09826,43.7878,-0.19798,-0.02181
1311,0.999013,46.7352,0.00234,0.20576
1256,1.03671,38.4406,-0.72532,-0.1393
383,1.06079,60.6577,0,0
656,1,59.2333,6.52154,0.52749
865,0.963173,50.8089,0,0
1030,0.98848,58.1227,0,0
1560,1.05003,43.9391,-0.54407,-0.12481
293,1.01867,42.8285,-0.00359,0.00041
142,1.04682,58.1645,0,0
1243,1.03787,34.1855,0,0
697,1,53.5427,0.30782,0.05327
845,1.01566,43.0398,-0.00264,-0.00612
1020,0.987301,49.1462,-0.00455,0.09785
90,1.03807,57.9666,0,0
1299,0.987162,49.7112,0.00206,-0.00371
1014,1.04502,48.2506,5e-05,0.00157
1578,1.0216,56.7325,-0.35763,0.0597
975,0.965568,50.1928,0,0
1304,1.05294,42.5174,-0.26526,0.06166
1029,0.986169,58.5754,-0.00289,-0.01073
195,1.04412,42.3221,0,0
1376,1.01342,41.5803,0,0
1062,1.0553,33.9839,-0.00224,0.00383
1390,1.09826,43.7878,-0.19798,-0.02181
760,0.954691,46.8247,-0.09822,-0.00742
146,1.04352,47.9111,0,0
837,1.10157,44.0497,1e-05,0
1036,0.999663,43.4288,0,0
914,1.06071,46.1126,-0.00802,0.05165
1442,0.967638,38.1151,0,0
360,1.03275,53.0379,0,0
986,1.04514,33.1013,-0.93769,-0.22307
252,1.03152,60.7767,0,0
1346,0.952713,52.5948,0,0
1334,1.05792,35.2503,-1.10972,-0.24309
487,1.04429,59.104,0.03941,0.00761
272,1.04394,40.0464,-0.08219,0.4618
621,1.0461,57.2511,0,0.16591
638,1.05354,44.3447,-0.00202,-0.04089
2617,0.996351,40.5327,0,0
2602,1.03015,34.826,-0.33707,-0.06197
615,1.04136,55.0746,0,0
2565,1.08594,47.2355,-0.21487,0.01284
2563,1.0167,64.2278,-0.00158,-0.07745
2533,1.05535,38.3531,0,0
2559,1,60.2715,0.10123,0.02377
2460,0.916268,54.5212,-0.00352,-0.02012
2447,1.03229,58.7089,-0.51706,-0.09512
551,1.01469,57.5156,0,0
2366,1.0467,47.6658,-0.05104,-0.00503
2361,1,48.4376,0.05695,-0.03888
2351,1.03692,64.681,-0.07477,0.00783
536,0.882482,63.8229,-0.01539,0.00428
2477,1,62.4968,0.14693,0.02326
2290,1.07479,41.3424,-0.30684,-0.05626
2274,1.03785,54.6862,-0.3769,-0.0465
2273,0.986301,54.5366,0,0
2257,1.00311,43.4601,0,0
489,1.05655,45.5617,0,0
2305,1.0673,39.5386,-0.39337,-0.00221
2494,0.952326,36.9445,-0.06365,0.08326
354,1.04323,40.5535,0,0
370,1.06699,42.6584,0,0
1847,1.07304,41.1153,-0.42991,-0.05036
392,1.03308,61.4338,0,0
1684,1.04707,39.9959,-0.00105,0.09541
2214,1.0506,42.9567,0,0
2183,1.00152,38.5638,0,0
2328,0.888826,66.597,0,0
456,1.06649,42.2763,0,0
475,1.0292,40.7849,0,0
1686,1.06135,41.8717,-0.67567,-0.07559
1936,1.00306,63.6091,0,0
2102,1.06614,59.8716,-0.00789,0.0008
1750,1.00864,44.6814,-0.00543,0.18069
2535,1.06292,38,-0.07789,0.09577
389,1.03575,49.9295,0,0
1892,1.06909,32.6857,-0.11009,0.14057
1949,0.972435,44.5086,0,0
2267,1.06672,63.21,0.00067,0.00819
2256,1,60.9427,0.22112,-0.02021
2259,1.04329,43.3451,-0.03483,-0.00716
2005,1,60.5372,0,0
2086,1.02679,58.3968,0,0
2057,1.01601,61.214,0,0
2067,1,54.0425,0.33994,-0.12951
2233,1.0362,40.4514,0,0
1605,1.05779,57.8676,-0.08538,-0.02881
2110,1,61.5212,0.01633,0.00391
614,1.03684,55.5519,0,0
2166,1.01953,40.9771,0,0
2168,1.01876,40.9131,-0.02394,-0.01494
2244,1,62.4972,0.01487,0.009
2246,1.13641,38.9737,-1.21965,-0.18119
1575,1.13175,35.7852,-1.07617,0.17037
1532,1.10723,39.6213,0,0
1512,1.01775,39.0659,-0.28216,0.01299
88,1.03319,41.9935,0,0
1266,1.03173,37.8877,-0.05662,0.24639
871,1.00151,58.0469,0,0
1191,0.985731,41.3469,0.00151,-0.00146
333,1.0336,50.7371,0,0
823,1.09331,41.815,-0.10518,-0.01623
1024,0.978136,37.8483,0,0
1,1.0618,46.8303,0,0
134,1.05096,57.9093,0,0
732,1,54.2886,0.50121,0.04392
720,1,52.7267,0.10941,0.09203
711,1,58.3142,1.72223,-0.00776
733,1,56.6449,0.39597,-0.06799
838,1.1137,50.3194,0,0
1391,1.09935,44.1964,0,0
165,1.04457,55.7505,0,0
17,1.05788,45.5272,3e-05,-1e-05
1027,0.986806,58.5846,0,0
99,1.03123,60.8293,0,0
401,1.04108,57.185,0,0
1469,0.997901,42.2415,0,0
1115,1.06452,44.3049,-0.26914,-0.01681
1309,0.986984,46.7399,0,0
297,0.997354,53.6305,0,0
129,1.0654,42.4373,0,0
763,1,51.8728,0.37769,-0.02679
216,1.0382,55.1973,0,0
1451,1.01004,41.5557,0,0
207,1.08865,48.2043,0,0
1041,1.05423,40.7395,-0.00013,0.00062
1160,1.06492,41.664,-0.60017,-0.06552
1170,1.04526,42.3362,-0.02801,0.01385
1192,1.11013,35.54,0,0
1197,1.12501,35.4885,-0.00833,0.29644
1302,1.00188,42.3841,0.0022,0.0036
6,1.01277,54.1751,14.5928,-6.97441
411,1.07808,47.4517,-0.75003,-3.26482
2633,0.947971,61.3067,0,0
2587,1.04531,37.9265,0,0
2631,1,59.6412,0.00309,0.00775
2591,1,61.5487,5.42629,0.14735
2613,1,57.858,0.07205,0.0063
2626,0.998658,59.4661,0,0
2505,1.02857,41.4032,0,0
278,1.08212,43.3311,0,0
2359,1.11381,44.3357,-0.57329,-0.02487
2343,0.976386,66.1537,-0.01034,0.05576
2334,0.98792,52.7873,-0.13646,-0.02461
2311,1.03495,61.3062,-0.17893,0.01284
2394,0.999685,41.9973,0,0
2439,1,54.4764,0.45604,-0.01724
2302,1.06757,37.0052,-0.76906,-0.1106
2537,0.952381,78.9502,0,0
198,1.0558,41.2769,0,0
1756,1.01833,44.3386,-0.00104,0.27381
2570,1.02914,64.659,0,0
2000,1,60.5372,0,0
1697,0.972586,53.3717,0,0
1689,1.0677,42.3603,-0.5704,-0.00213
2392,1.12465,43.0646,-0.3609,0.004
1647,0.992234,42.7295,7e-05,0.19281
2196,1,66.8413,0.43988,0.15176
2197,1.02819,42.552,0,0
1731,1.08061,58.1861,-0.00141,0.0116
2155,1,64.2265,1.17121,0.11923
2002,1,60.5372,0,0
2348,1,68.383,0.11532,0.01292
2018,1.05857,48.2359,-0.00207,0.00425
381,1.02603,64.3217,0,0
1671,1.11549,36.8222,0.00675,0.0941
571,1.05151,45.368,0,0
1815,1.04217,37.5751,-0.92698,-0.35984
2301,1.01501,36.9757,0,0
476,1.03138,63.7992,0,0
1569,1.02205,44.9678,-0.02106,0.02392
1556,1.00514,41.9868,0,0
1539,1.12668,49.5813,-0.26228,0.02889
1538,1.083,49.4935,0,0
1505,1.00716,44.1471,0,0
1470,1.04935,42.5216,-0.4504,0.0161
1409,0.984914,34.5569,0,0
1402,1.02086,51.6324,0.00141,-0.00011
1529,0.995203,57.4457,0,0
154,1.05078,57.8598,0,0
921,1.04039,42.2023,0,0
286,1.03695,56.9875,0,0
682,1,51.8213,1.49655,0.00359
1135,0.966524,42.5329,0,0
111,1.06623,42.0877,0,0
719,0.999807,52.7833,0,0
673,1.07067,41.933,-2.86374,-0.00824
1382,0.994296,41.8173,0,0
308,1.00738,52.047,0.03039,0.07072
1060,1.05513,33.9897,0,0
1064,1.10933,34.5219,-1.27762,0.07596
853,0.971722,44.341,0,0
835,1.10157,44.0497,0,0
721,1,50.8079,0.82116,0.05489
167,1.03814,49.5483,0,0
929,1.07559,41.6063,0,0
25,1.05629,46.3347,0,0
979,1,48.8072,0,0
1088,1.04177,38.6833,-0.49609,-0.06802
280,1.05047,57.261,0,0
1102,1.04254,45.9067,0,0
1011,1.05002,48.1788,-0.01695,0.08688
1137,0.972331,42.5105,-0.00373,0.09888
115,1.05445,46.0922,0,0
1316,1.05474,37.6021,-0.40362,0.12769
1180,1.01674,42.845,0,0
107,1.0239,40.984,0,0
629,1.05105,40.6865,0,0
522,1.04054,49.4556,-0.00132,0.02106
470,1.05973,42.7165,0.10241,0.12194
2599,1.02299,45.4476,-0.22097,0.04974
2592,1.00482,57.6071,0,0
2585,1.09985,38.0292,-0.43484,-0.08705
2609,1,57.4024,-0.0075,0.04458
2628,1.03957,59.5008,0.01246,0.00801
2640,1.03096,44.794,0,0
605,1.08839,48.1422,0,0
576,1.05944,43.2764,0,0
2464,1,66.5499,0.25753,-0.02568
530,1.00584,53.1407,0,0
514,1.02959,52.9108,0,0
2318,1.04105,77.9845,0,0
373,1.00808,54.6778,0,0
356,1.06999,41.7609,0,0
557,1.03854,50.0528,0,0
1661,1.07202,43.6638,-0.35308,-0.01372
340,1.04998,57.168,0,0
1803,0.9848,55.1495,-0.35543,-0.11646
486,1.08113,42.0082,0,0
1620,0.99567,45.6382,-0.00466,-0.00056
53,1.04966,39.9903,0,0
2252,1.11028,43.3733,0,0
2015,0.903884,55.5538,0,0
1812,1.05507,56.3393,-0.03525,0.00261
1680,1.09301,57.2956,-0.25227,-0.09824
1937,0.963753,63.4051,-0.02507,0.03346
2170,1.03584,41.8779,-0.00602,0.00477
2269,0.997122,38.8857,0,0
2258,1.05529,43.5999,-0.33812,-0.01314
421,1.04747,48.6321,0,0
2144,1,60.838,0.00772,-0.00036
1826,1.01568,61.7755,-0.009,-0.00534
2091,1.0739,38.2779,-0.00185,0.06928
2029,1.03237,49.3527,-0.00215,-0.00161
2093,1.12572,38.6059,-0.73116,0.0001
1930,1.02438,34.6976,-0.00686,0.10148
454,1.03888,42.0062,0,0
586,1.02414,61.8796,0,0
2238,1.04303,40.1985,-0.01816,0.07243
1523,1.04698,43.9586,0,0
265,1.03824,40.9258,0,0
1397,1.08981,32.1289,-0.39606,0.04239
1000,1.05225,36.3189,0,0
1003,1.02605,37.8507,0,0
136,1.06772,47.1267,0,0
188,1.03629,50.8511,0,0
993,1.02326,40.0223,-2e-05,0.06681
1023,0.98268,37.973,-0.00369,0.07954
213,1.05004,50.6017,0,0
1280,1.03861,54.6946,-0.11514,0.02
847,0.897206,57.3299,0,0
152,1.02604,50.9688,0,0
1226,1.02461,59.2801,-0.66217,-0.13262
168,1.05036,46.4179,0,0
191,1.04474,44.7834,0,0
814,0.998017,52.7,0,0
1511,0.967627,38.9134,0,0
1244,1.09299,34.7324,-1.40112,-0.24469
1101,1.04137,45.9047,-0.00052,0.00345
101,1.05776,51.3733,0,0
1113,1.00348,44.2138,-0.00284,-0.026
1084,1.01887,38.4805,0,0
1119,0.992312,48.9179,0.00068,0.00226
1136,1.0177,42.7732,-0.48834,-0.13445
983,1,53.0906,0.28052,0.09014
988,1.01708,39.8384,0,0
1044,1.04826,40.3698,-0.09416,-0.01096
908,1.0238,40.2164,0,0
816,0.938162,59.2342,0,0
1121,1.03873,38.076,-0.66503,-0.07872
416,1.05718,40.1909,-0.04802,0.01184
116,1.06732,48.1007,0,0
96,1.05791,39.7655,-0.5033,0.0284
529,1.05226,44.3456,-0.00068,0.03723
329,1.07919,51.6309,0.00017,0.00109
2607,1.00084,48.8194,0.00145,0.00273
2584,1.04518,37.9155,0,0
2619,1.00108,40.5255,-0.00043,0.08983
2495,0.941916,37.3203,0,0
515,0.998061,52.9644,0,0.07377
2295,0.964941,39.9376,0,0
361,1.03746,50.9287,0,0
1880,0.930147,32.7264,-0.09476,0.0848
1842,1,58.7662,0.34619,0.00985
1820,1.05332,45.5248,0,0
2398,1.05158,42.0241,-0.11618,0.04742
1804,0.973126,54.99,-0.00217,-0.00289
1657,1.00751,49.0864,0,0
1811,1.05504,56.3755,0,0
1615,1.05503,40.6421,-0.19225,-0.30114
1634,1.04814,48.3613,-0.4488,0.03546
128,1.0679,46.7959,0,0
1666,1.04969,55.046,0,0
1947,1.03088,61.2899,0,0
351,1.05089,40.2682,0,0
2352,0.943334,64.7321,0,0
2030,1,62.0707,0.2416,-0.00724
612,1.04392,64.897,0,0
1779,1.07131,38.9464,-0.58423,-0.00393
2216,1.05118,42.9415,-0.00546,0.01203
2158,0.963964,57.8405,0,0
1840,1.02444,51.1739,-0.31075,-0.05959
1980,1.0181,50.7355,0,0
2126,1,61.4425,0.00986,0.00379
379,1.02567,64.071,0,0
585,1.03612,65.6313,0,0
2172,0.958656,37.4372,0,0
1983,1.01811,50.7395,0,0
2074,1.01874,38.6049,0,0
1790,1.02206,34.0093,0,0
2039,0.970299,37.0637,-0.00208,-0.00335
1693,1.02264,40.2486,0.00045,0.09512
2097,1.02455,59.9557,0,0
2021,1.06332,48.2373,-0.00126,0.09817
2108,1,61.2638,0.12167,0.00086
2499,1,69.3944,0.51972,0.02818
2179,1,51.0626,0.01439,0.03609
2202,1.02301,42.5614,0.00088,0.03085
1814,0.988712,37.217,0,0
478,1.04116,40.8723,0,0
562,0.976628,61.0383,0,0
1823,1.04887,45.515,0,0
339,1.03586,57.9503,0,0
1513,0.9679,38.9182,0.00137,0.00434
1434,1.0586,39.3866,-0.57443,-0.17664
1358,0.973476,39.8236,0,0
1351,1.01644,40.1819,-0.00286,-0.0047
1303,1.00135,42.4096,0,0
189,1.03667,50.2883,0,0
1287,0.998054,38.7839,-0.00461,0.08005
1284,0.994862,38.7972,-0.00529,0.00265
1491,1.06935,42.6789,-0.67279,-0.16367
118,1.06511,42.3237,0,0
892,0.954214,41.4259,0,0
187,1.09832,49.5687,0,0
240,1.10753,50.4611,0,0.57733
1463,0.993951,37.4808,0,0
1570,1.02324,45.0353,0,0
822,1.0108,45.2971,-0.01949,0.05027
1205,1.0442,59.2533,-0.23894,-0.05913
1270,0.994344,41.0515,0,0
1006,1.02641,37.8554,0,0
652,0.939331,55.8604,0,0
715,1,50.5145,0.13959,-0.06419
828,1.09345,42.006,0,0
1242,0.981457,34.7008,0.00021,-0.00034
725,1,49.8656,0.10129,0.02087
755,1,58.3341,0.05493,-0.03651
879,1.04213,41.7758,0,0
1066,0.977561,48.2381,0,0
60,1.03962,48.7214,0,0
148,1.04834,47.906,0,0
827,1.0934,42.008,0.00218,-0.00292
1332,1.03605,41.0231,0.0026,0.28408
916,1.05474,39.6718,0,0
1116,1.012,44.1593,-0.0023,0.00358
268,1.05803,43.5641,0,0.03993
804,1,58.2879,0.01748,-0.11738
68,1.06727,48.1012,0,0
125,1.05548,45.223,0,0
1103,1.09679,46.0456,-0.44511,-0.03103
1182,1.06459,42.4924,-0.12797,-0.00672
1188,1.00315,41.4897,0.00262,-0.00869
124,1.06008,46.0303,0,0
415,0.936309,59.5717,0.03648,0.00331
325,1.08761,38.7837,-0.98912,-0.09262
2594,1.04523,57.6032,-0.00151,-0.0063
2647,1.01382,38.2503,-0.06785,0.00392
2500,1.00013,64.2833,0,0
2467,1.03752,44.2792,-0.18054,-0.03419
2390,1.0695,42.9371,-0.0014,0.00242
2323,1,60.8334,1.5912,-0.19252
2321,1,59.5199,1.31022,-0.13699
2279,1.03927,57.3517,0,0
493,1.03254,51.2654,0,0
556,1.05228,56.8401,0,0
193,1.06724,46.3488,0,0
1834,1.06638,43.8838,-0.32667,-0.01394
547,1.0183,55.6062,0,0
2424,1.00801,46.0966,0,0
1854,1.01591,38.4411,-0.01443,0.10809
1900,1.06783,42.4202,0,0
366,1.0583,45.9334,0,0
349,1.02382,55.8826,0,0
1921,0.947466,53.387,-0.00892,0.0045
1660,1.01899,43.512,0,0
1688,1.01515,42.1234,0,0
1768,1.02228,54.0697,-0.00079,-0.00188
1640,1.01383,56.6787,-0.18784,0.05351
573,1.02717,53.7796,0,0
511,0.997416,66.7921,0,0
233,1.05075,58.1964,0,0.0324
1723,1.03074,50.0639,-0.00188,0.00537
1646,1.03606,43.3299,-1.25549,-0.41252
2181,1.05411,38.8816,-0.76151,-0.22547
2281,1.0817,57.348,-0.00107,0.00493
2120,1,61.3724,0.0041,0.00395
584,1.07557,43.0537,0,0
396,1.03629,51.6144,0,0
1966,1.05716,43.4748,-0.17699,0.07332
1918,0.905109,64.5384,0,0
2070,1.0404,47.6681,-0.002,0.09733
2071,0.993352,47.7429,0,0
443,1.04385,47.1449,0,0
2095,1,54.188,2.50808,0.23302
2137,1,60.9194,0.01434,-0.0003
1766,0.982548,54.072,0,0
2156,0.963908,57.8373,0,0
601,1.04903,39.9257,0,0
2215,1.10515,43.1359,-0.49122,-0.00124
501,1.04527,61.2354,0,0
1564,1.07391,42.6195,-0.10886,0.07152
1537,1.08303,52.2948,0.05653,0.00264
1531,0.978635,57.4639,-0.00158,-0.18317
106,1.02168,40.5931,0,0
1502,1.01513,44.1638,0,0
1421,1.00509,36.0099,0,0
1340,1.01045,44.3315,0,0
1315,1.0036,37.4385,0,0
1250,1.07001,41.9267,-0.38082,-0.03709
863,1.02963,49.3717,0,0
227,1.02215,55.7659,0,0
881,1.03328,52.5225,0,0
787,1,64.0246,5.72104,-0.00646
1213,1.0183,39.7544,0,0
52,1.05047,40.6923,0,0
164,1.04794,58.4492,0,0
1379,0.99387,41.8363,0,0
1356,1.02662,41.517,-0.38182,-0.06582
714,1,52.547,0.33047,-0.10152
162,1.04837,48.9374,0,0
906,1.10655,40.6538,0,0
1007,1.07928,38.0791,-0.6628,-0.00248
306,1.00206,59.9857,0,0
220,1.04029,43.0029,0,0
678,1,48.1545,0.19748,0.06673
1168,1.04437,42.443,0,0
740,1,45.2971,3.36749,0.60532
801,1.00457,60.0012,0.00667,-0.00357
205,1.03739,58.0749,0,0
1117,0.992176,48.9157,0,0
928,0.979281,60.6738,0,0
868,1.00229,59.986,0,0
1361,0.984964,47.1187,0,0
1146,1.00342,36.2359,-0.0267,0.09868
1038,0.999896,43.4427,0.00345,0.00311
269,1.08444,39.4334,0,0
817,0.938162,59.2342,0,0
1123,1.00058,36.3853,0,0
1128,1.00321,36.22,-0.043,0.01931
1142,1.05526,36.2659,-0.80346,-0.02042
1237,0.979498,35.014,0,0
1239,0.984621,35.0109,0.00151,0.07075
572,1.04006,40.7957,0,0
642,1.05597,44.9992,0.01729,0.00189
299,0.948418,52.9812,0.0169,0.01048
502,1.06649,42.2762,-0.00066,-0.00224
2598,1.0233,45.4032,0,0
2612,1,57.2723,-0.0083,0.001
2618,0.996355,40.5329,-0.00043,-0.00066
2507,1.03299,41.3948,-0.00064,0.09265
2485,0.978816,50.975,0.00323,0.00202
550,1.04869,58.5409,0,0
2415,1,65.1543,0.95394,0.51015
544,1.06444,40.8322,0,0
534,1.00147,66.6924,0,0
2360,1.05978,44.3115,-2e-05,0.00473
2349,1,67.8675,0.07954,0.01171
2338,0.989962,51.9877,-0.0038,0.01194
496,1.02631,76.8942,0,0
2266,1.01394,63.2116,0,0
2410,1.15283,64.685,0.00093,0.00575
2389,1.12464,43.0566,-0.36344,0.00352
27,1.05613,45.5175,0,0
173,1.04644,41.711,0,0
390,1.04419,48.899,0,0
1995,1,54.452,0.13829,-0.00079
2117,1,61.4281,0.00868,0.00387
1806,1.02405,34.6014,-0.54886,-0.0638
1856,0.993082,36.8365,0,0
2441,1,63.9194,1.52994,0.17866
1607,1.00554,57.7862,0,0
1810,1.0525,56.1505,-0.28003,-0.0581
458,1.03219,62.361,0,0
1717,1.01353,35.4449,-0.06891,0.0555
248,1.03654,50.3164,0,0
1685,1.00866,41.5935,0,0
1630,0.996537,48.2157,0,0
1876,1.00204,44.5396,-0.00015,0.10398
2003,1,60.5372,0,0
1628,1.03964,43.105,-0.88704,-0.33953
1869,1.06206,44.8056,-0.1452,-0.01204
1764,1.07693,38.5867,-0.80782,-0.17537
1798,1.06481,43.4895,0.00983,0.09833
405,1.0521,54.4121,0,0
2068,0.994041,47.6823,0,0
2056,1.04423,61.214,0,0
2024,1.01432,37.2716,-0.00302,0.20392
1565,1.01248,40.0339,-0.20261,-0.03658
1553,1.02901,46.6602,0,0
1548,1.05415,40.7196,-0.21119,0.00986
1474,0.997942,44.56,0.00015,0.00915
58,1.08467,48.2282,0,0
1312,0.988078,46.749,0,0
192,1.06657,43.8736,0,0
1281,1.02405,54.0249,-0.18276,-0.04814
1263,1.02674,38.0772,-0.01198,0.18652
912,1.01939,46.1496,0.00206,0.07042
893,1.0294,41.3609,0,0
909,1.04329,40.2641,0,0
46,1.04644,42.0558,0,0
1438,1.01023,38.729,-0.00432,-0.00607
295,1.00106,58.3962,0,0
901,1.05258,43.2987,0,0
1597,0.989981,37.5626,-0.00313,0.08734
15,1.07038,47.8384,0,0
1247,1.09296,34.7423,-1.40915,-0.24751
778,1,55.1573,0.21838,0.04646
660,1,64.7889,5.78764,0.76764
598,1.10267,49.3705,0,0
874,0.990371,55.6643,0,0
1366,0.979677,46.7785,-0.00403,0.00602
905,1.06313,40.6746,0,0
1055,1.02824,38.015,-0.61552,-0.03526
888,0.994997,48.1194,0,0
1017,0.985334,49.099,-0.00768,0.09728
722,0.95845,54.5379,0,0
850,1,51.9415,0.32901,-0.02522
819,1.08499,43.7148,-0.01114,-0.01088
1414,1.05457,42.3975,-0.0053,0.09509
353,1.04645,42.3508,0,0
1527,1.03755,54.7763,-0.27702,0.03515
218,1.04443,52.2763,0,0
820,1.00786,45.3683,0,0
1165,0.996099,41.0162,0,0
932,1.04301,43.451,-0.00497,0.00843
140,1.047,42.1823,0,0
930,1.03836,41.6103,0,0
985,0.992457,32.653,0,0
32,1.04799,56.1733,0,0
704,1,42.8862,0.37762,0.02237
1107,0.997102,38.2401,-0.00448,0.07645
83,1.03573,51.2378,0,0
1422,1.05828,36.2946,-0.70895,-0.17008
1122,0.992411,37.8146,-0.00146,0.08828
425,1.05924,45.375,0,0
1190,1.03702,41.7883,-1.0271,-0.05307
277,1.02307,41.2493,0,0
622,1.08163,39.5386,0,0
2603,1.05302,44.7273,0,0
2582,1,61.2246,0.00261,0.00642
604,1.01787,58.3717,0,0
589,1.01986,75.8846,0,0
2496,0.990332,37.5619,-0.55796,0.05431
2465,1.00004,62.1148,0,0
2432,1.04566,42.2461,0,0
2340,0.857757,63.7842,0,0
2293,1.01515,40.0448,-0.46509,-0.03905
2456,1.04328,41.64,-0.4497,-0.08317
2469,0.986004,44.2311,0,0
1896,1.03095,44.6154,-0.0153,0.00447
1881,1.02426,36.1626,0,0
1877,1,44.8364,0.26556,0.08732
1725,1.07476,36.8499,-0.49292,-0.05933
1830,1.01354,43.735,0,0
1959,1.01431,37.2443,0,0
2130,1,60.8123,0.00563,-0.00028
1642,0.981878,42.7488,0,0
647,1.01675,64.6184,0,0
2079,1.0925,38.6131,-0.00102,0.09351
2063,0.986167,50.2775,-0.02173,-0.0037
1813,1.05136,56.1195,-0.27441,-0.05814
1986,1.00222,58.766,0,0
1907,0.979666,43.4086,0,0
2440,1,58.5636,0.04308,-0.00251
2042,0.970251,37.0536,-0.00383,-0.00276
2555,1,67.0392,0.16572,-0.02171
2088,1.06836,58.3632,-0.01047,-0.00048
2049,1.01302,41.637,0,0
426,1.06049,48.3654,0,0
2106,1,53.4146,0.23502,0.01551
2481,0.999929,45.0487,0,0
2236,1.03678,40.2928,0,0
1467,1.04913,42.6575,-0.40997,-0.06492
1431,1.06601,38.8848,-0.64905,-0.1883
1347,0.991487,52.5062,0.13762,0.01365
1342,1.01067,44.3447,0.00407,0.00371
1289,1.02849,48.0645,-0.3639,0.07112
1251,1.01749,41.7476,0.0033,0.00606
1248,1.04208,34.1835,0.0005,0.08673
1132,0.99292,46.2133,0,0
907,1.0432,40.2216,0,0
713,1,52.507,0.33077,-0.10335
752,1,63.0644,0.42935,-0.07636
717,1,49.1161,0.6001,0.19448
1305,1.00163,42.4165,0.00219,0.00469
730,1,59.8672,0.18874,-0.08448
790,1,59.6853,0.32672,0.04365
920,1.04386,42.2146,0,0
1032,0.987805,58.1247,0.00024,-0.00938
67,1.07053,41.7536,0,0
84,1.0393,57.5593,0,0
800,1.00455,60.0011,0,0
846,0.984782,57.2869,0,0
31,1.03973,55.3676,0,0
1104,1.04269,45.9047,-0.00059,0.00268
971,1.062,51.5418,0,0
1598,1.07679,59.8445,0,0
1039,1.01312,40.7401,0,0
1290,1.02998,47.876,-0.00139,0.00958
809,1,55.387,0.1069,0.02067
1120,0.987156,37.8269,0,0
1595,0.98486,37.581,0,0
1152,1.02459,59.0767,-0.01363,-0.01891
245,1.06909,44.914,0,0
76,1.04498,40.9466,-0.19603,0.03873
3,1.01301,54.1567,14.5558,-6.94706
153,1.03964,40.1133,-0.0016,-0.00087
552,1.05288,45.3196,0.0013,0.00438
2596,1.05757,57.5881,0.07501,-0.03372
2606,0.951232,48.8203,0,0
1602,1.13302,59.942,-0.35044,-0.12181
44,1.02692,53.2381,0,0
1526,0.986746,54.6558,0,0
1519,1.03949,40.8145,-0.00239,0.00069
1487,1.00023,56.6006,0,0
1446,1.05063,59.5266,-0.15388,-0.17668
1436,1.0106,38.743,0,0
1420,1.00589,34.4459,-0.00106,0.00875
1459,0.976472,43.3126,-0.00436,0.07683
1412,0.999233,42.4327,0,0
1294,0.985996,49.6791,0,0
1490,1.01543,42.3446,0,0
1264,1.01747,38.1024,0,0
890,0.991848,48.1109,0,0
294,1.01658,43.062,0,0
174,1.04386,42.3976,0,0
775,1,58.8775,0.35858,-0.04065
1328,1.07597,41.4958,-1.06769,-0.342
600,1.02472,51.0114,0,0
203,1.04888,56.1788,0,0
229,1.0399,58.5588,0,0
1393,1.09826,43.7878,-0.19798,-0.02181
1075,1.05326,53.6338,0,0
844,1,44.316,0.14704,0.00687
1424,1.00661,35.8919,0,0
1169,1.09929,42.6485,-0.35669,-0.06535
253,1.06216,46.1747,0,0.38279
1124,1.05193,36.4444,-1.5032,-0.11141
923,0.991719,58.8025,0,0
981,0.951788,49.3601,0,0
1335,1.00908,34.7708,0.00027,0.09813
807,0.999489,55.4405,0,0
1081,1.01802,38.3973,0,0
1105,0.992501,38.2624,0,0
37,1.04305,62.1695,0,0
1228,0.973936,59.1665,0,0
580,1.05662,46.3406,0,0
2475,1,59.0759,0.20811,0.02568
2466,0.98601,44.2232,0,0
2401,1.03726,41.0398,-0.36778,0.00778
2324,1,58.3822,0.10427,0.01912
508,1.03261,53.1865,0,0
2320,1,79.1982,0.12453,0.01381
2453,1.03218,58.7305,-0.50898,-0.0972
365,1.04595,46.9257,0,0
362,1.03815,49.7536,0,0
2527,1.06091,37.4585,0,0
1841,0.973412,51.0379,-0.00313,4e-05
1831,1.06628,43.8857,-0.36532,-0.01514
1794,1.07449,34.4863,-1.59779,0.04466
2526,1.0068,75.9029,0,0
279,1.08133,42.9632,0,0
423,1.06573,47.6886,0,0
2205,1.05984,41.4801,-0.08237,-0.00058
347,1.05518,45.8576,0,0
2084,1.04178,47.0525,0,0
267,1.04617,48.4606,0,0
1792,1.0437,33.335,-0.07007,0.1305
2303,1.03022,36.8122,-0.03142,0.18067
2517,1.07026,45.1127,0,0
1645,0.982107,42.7439,0,0
1738,0.973732,41.561,0.00543,0.00811
1850,1.05936,38.4639,-0.49291,0.01343
1665,1.01934,43.4928,-0.00344,0.00827
1951,0.981776,44.4943,0.00183,0.15769
1944,1.01432,41.8847,-0.04989,0.15059
395,1.05932,40.1984,-0.82615,0.06811
2059,1.00953,51.7876,0.12848,0.06733
1679,1.04995,57.1428,0,0
462,1.04193,62.6908,0,0
322,1.04863,52.2103,0,0
1707,1.01377,56.6686,-0.10161,0.08737
2116,1,61.4444,0.01002,0.00368
2134,1,60.9454,0.01646,-0.0003
500,1.04202,41.4057,0,0
525,1.06634,46.5725,0,0
2247,1.08067,38.5723,-0.00788,0.01316
2610,1,59.5986,1.12429,0.12999
2580,1.01517,43.4499,-0.003,0.17574
2620,0.988282,40.5394,0,0
23,1.04579,44.6682,0,0
408,1.10062,47.692,-10.7023,-3.07979
409,1.07804,47.5225,-0.63502,-3.27609
2518,1.09295,45.0992,0,0
2437,0.998762,54.6841,0,0
2418,1,66.3236,0.03806,0.01195
545,1.01917,76.7557,0,0
2397,0.999689,42.0003,0,0
538,1.03786,57.1489,0,0
2298,1.01467,36.9735,0,0
2297,1.00251,39.7498,-0.08038,-0.03537
2479,0.999947,57.1413,0,0
1965,1.00539,43.4063,0,0
374,1.04017,39.6858,0,0
2438,0.998824,54.951,0,0
1895,1.04231,44.83,-0.38757,-0.04981
1884,1.02465,36.1546,0,0
1902,1.06779,42.4424,0,0
1644,0.991944,42.7397,0.00185,0.19252
1759,1.00236,44.2861,-0.00194,0.17901
2272,1,53.0972,0.16741,0.06229
1606,1.04614,57.7135,-0.04512,0.00519
1715,1.01033,35.6825,0,0
2164,1.00835,60.1638,0.42155,0.04102
1627,0.986275,42.7422,0,0
435,1.0153,49.9339,0,0
1818,1.04997,41.5956,-0.15035,1.48716
1729,1.06696,59.6338,0.16837,-0.06264
1721,0.990254,50.0708,0,0
1722,1.04149,50.1158,-0.12818,0.05161
2445,1,60.6726,0.12836,0.04029
1938,0.948857,63.6169,-0.01267,-0.01726
582,1.05451,57.3128,0,0
1984,1.07149,50.601,0.34198,-0.00338
1652,1.05745,40.6343,-0.13074,0.04869
1999,1,61.0362,0.00309,0
2336,0.98701,52.0465,0,0
2147,1,60.815,0.00585,-0.00021
2381,0.87175,61.9821,-0.12897,-0.04034
2190,0.915152,62.4418,0,0
2224,0.975755,37.7945,0,0
2225,1.02629,37.9769,-0.50675,-0.00726
2228,1.00926,63.6618,0,0
479,1.06694,41.907,0,0
235,1.03847,49.9209,0,0
1540,1.08348,48.7403,-0.25719,0.02006
1484,1.0002,56.6137,0,0
232,1.04414,59.0876,0,0
1398,1.01697,42.5535,-0.24945,-0.03664
1383,1.04668,41.9638,-0.22379,-0.05742
1301,1.05321,42.4852,-0.2712,0.06645
1249,1.01704,41.7346,0,0
159,1.03321,52.4316,0,0
1008,1.02882,37.5048,-0.09353,0.03948
872,0.926201,58.0822,0,0
856,1.09601,49.4023,0,0
330,1.05748,43.9437,0,0
745,1,65.6996,0.75003,0.19961
1245,1.04206,34.1754,-0.00152,0.08528
1184,1.05302,42.902,-0.3474,0.04312
64,1.04634,48.5532,0,0
1429,1.0184,38.6578,-0.00196,0.17838
7,1.05321,57.1804,0,0
127,1.05065,56.3618,0,0
12,1.08515,57.377,0,0
1404,1.02697,38.9562,-0.52128,-0.05588
172,1.05431,58.2745,0,0
1386,1.09935,44.2059,-0.19993,-0.01692
1163,1.06574,41.7121,-0.59528,-0.05752
926,0.981814,60.6498,0,0
92,1.03399,60.8898,0,0
1277,1.02007,37.6443,-0.61649,-0.05711
944,1.05071,52.6583,-0.06945,-0.21705
19,1.05391,45.2435,0,0
1139,1.06801,43.0264,-0.38443,0.00486
1148,1.03701,59.2344,-0.3912,-0.15415
208,1.09748,49.3519,0,0
1126,1.00159,36.4365,0,0
1199,1.04007,36.4764,-0.69961,0.0572
1222,1.01036,40.1713,0,0
305,1.00225,60.0472,0.05431,0.00698
627,1.03412,57.4316,0,0
473,1.06402,40.7512,-0.65856,-0.05861
635,1.0456,64.6082,0,0
2632,1,59.6201,0.00057,0.03593
2604,1.10793,44.7603,-0.11655,-0.00893
2560,0.999993,67.0202,0,0
599,1.03543,57.424,0,0
588,1.05758,45.8343,0,0
2406,1.02461,38.1293,0,0
542,1.0455,42.4796,0,0
533,1.00288,66.254,0,0
2344,0.997101,66.4711,0,0
488,1.05219,58.2447,0,0
1911,1.04721,33.0598,-0.94132,-0.08213
472,1.03327,57.2044,0,0
1878,0.925114,33.0933,0,0
442,1.04602,59.4374,0,0
2291,1.02928,41.2503,0.00121,0.09113
1867,1.02548,38.7308,-0.00658,0.07529
1864,1.01998,41.6999,-0.00571,0.07842
275,1.03652,50.7883,0,0
2052,1,52.3139,3.41583,-0.22134
398,1.07233,44.122,0,0
512,0.997475,66.9573,0,0
2085,1.03711,47.0375,0,0
1698,1.02375,53.5327,-0.37002,-0.0858
1674,1.11573,36.1554,0.00283,0.09667
2007,0.946336,55.0304,0,0
2261,1.0553,43.6126,-0.3354,-0.0126
1786,1.04378,59.5808,-0.0025,0.10578
1825,1.02747,61.7585,0.20678,0.04228
2556,1,67.0463,0.28929,-0.02441
2075,1.07212,38.8455,-0.9543,-0.14611
1709,1.00534,51.6327,0,0
2094,1.07452,38.2981,-0.00291,0.07441
2022,0.990687,37.3222,0,0
385,1.04748,46.9834,0,0
2542,1,64.3754,0.3533,-0.00088
503,1.0389,77.3422,0,0
1601,1.07633,59.8355,0,0
222,1.03208,61.2464,0,0
1587,1.04111,50.231,0.0576,0.00211
1576,1.08167,32.9272,-1.06828,0.13605
1494,1.07998,42.77,-0.81892,-0.1274
182,1.05462,44.8506,0,0
1267,0.990718,41.0411,0,0
895,0.958305,54.676,0,0
1588,0.989566,50.2528,4e-05,0.00173
1329,1.03637,41.0164,0.00209,0.28643
226,1.00746,54.6029,0,0
662,1,64.8662,6.00587,0.70967
690,1,44.4685,0.21111,0.24251
1306,1.00918,41.5761,0,0
358,1.02652,53.69,0,0.58841
774,1,58.9967,0.03586,0.0047
1175,1.05448,36.8071,-1.01026,-0.16964
706,1,57.486,0.80166,0.10682
977,0.965566,50.1957,0,0
947,1.05778,43.1986,0,0
957,1.02401,40.8743,0,0
1035,1.00091,43.5844,0.00396,0.00145
108,1.0556,45.5791,0,0
877,0.916216,55.6993,0,0
70,1.06668,46.4298,0,0
1324,1.01942,37.3927,0,0
1173,1.04571,42.3957,-0.04726,0.01185
149,1.04206,40.0828,0,0
1572,1.02293,45.0006,-0.00861,-0.00392
1233,1.02902,33.7287,-0.16751,-0.03495
1234,0.991817,34.177,0,0
440,1.08699,40.2947,0,0
521,1.05147,45.6384,-2e-05,0.02506
645,1.05088,40.2521,0,0
520,1.06578,43.6214,0.00081,0.03875
2629,1,66.9458,0.30669,-0.0216
2625,1.05228,51.8165,-0.00174,-0.00136
2564,1.03226,47.1903,0,0
2530,1.0608,37.4439,0,0
2502,1.02903,41.4002,0,0
2471,1.02915,43.5748,-0.05426,-0.01609
535,0.879098,63.4498,0,0.00433
492,1.04656,41.6325,0,0
2331,0.972819,52.9688,0,0
346,1.03013,52.5888,0,0
2458,0.883668,54.5507,0,0
2403,1.02453,38.1297,0,0
1870,1.0095,44.7503,0.00263,0.00172
397,1.07308,44.4224,0,0
2263,1.02299,64.19,0,0
559,1.04905,65.4722,0,0
445,1.04359,47.1029,0,0
2229,1.06088,63.6955,-0.06433,0.10367
1649,1.05755,40.6484,-0.13126,-0.04725
1716,1.06283,35.9613,-0.6286,-0.02885
2132,1,60.8733,0.01059,-0.0003
2567,1.03197,47.203,0,0
444,1.04178,46.8474,0,0
2278,1.08168,57.3429,-0.00107,0.00493
1618,0.995711,45.6545,0,0
1737,1.02395,41.7446,-0.46764,-0.03908
91,1.04103,61.1601,0,0
1785,1.04514,59.7485,-0.49007,-0.0903
1828,1.0276,61.7583,0.26049,-0.03009
2430,1.01253,55.8569,0,0
1961,1.03713,36.3082,-0.10306,0.14683
2173,1.00924,37.7326,-0.40934,-0.11255
87,1.03782,42.4815,0,0
418,1.09562,49.7136,0,0
1883,1.06692,35.7258,-0.16269,0.02715
386,1.04745,61.8738,0,0
2069,1.04569,47.8893,-0.46428,-0.01353
131,1.04655,45.6297,0,0
2078,1.14242,38.7491,-0.45911,-0.11161
2114,1,61.4567,0.01103,0.00339
2159,0.876578,57.8382,-0.01538,-0.01469
2493,0.993109,37.5238,-0.4972,0.0376
2177,0.95696,50.4084,0,0
2188,1.07062,34.8093,-0.57963,0.09236
2222,1.04845,45.3151,0.01817,-0.05363
2226,0.975866,37.7982,0.00105,0.00174
230,1.04268,41.3631,0,0
1591,1.00548,36.0443,-0.02307,-0.00732
1568,1.07427,45.1048,-0.06735,-0.05516
1557,1.05758,42.2802,-0.66374,-0.06168
1530,1.04613,57.4618,-0.0557,0.11037
1510,0.963342,38.9536,0.00136,0.00364
42,1.08889,50.5518,0,0
1461,1.04577,37.6898,-0.48065,-0.05492
1403,0.976085,38.697,0,0
1590,1.05795,36.3809,-0.54171,0.00383
243,1.03715,53.4461,0,0
1486,1.04786,56.6115,-0.00073,0.00063
144,1.04376,43.2781,0,0
994,1.01641,42.0553,0,0
862,1,53.692,0.10001,0.0305
900,1.00856,43.318,0,0
995,1.06943,42.2566,-0.35929,-0.03658
1427,1.0084,38.6814,0,0
310,1.10538,50.536,0,0
836,1.15911,44.0498,1e-05,-0.01672
785,1,64.0438,5.74964,-0.12437
157,1.02773,41.6605,0,0
1150,0.985398,59.1057,0,0
163,1.04829,48.9237,0,0
1072,1.00885,43.2685,0,0
991,1.01934,40.028,0,0
812,0.976253,41.6104,-0.00119,0.00371
200,1.03373,42.0154,0,0
737,1,52.7481,1.89021,0.35213
223,1.03706,61.8544,0,0
743,1.03778,63.3425,-0.11506,-0.06068
1091,1.04193,38.6704,-0.50345,-0.0663
761,1,47.4143,1.72638,0.45632
1388,1.09935,44.1964,0,0
770,1,65.1292,1.37631,0.08043
281,1.04717,48.7161,0,0
915,1.05118,39.6852,0,0
419,1.06047,57.4195,0,0
301,1.00074,43.9338,0,0
999,1.05487,35.9659,-0.11945,0.0596
1022,1.03001,38.3852,-0.7994,-0.21485
1195,1.10971,35.5303,0,0
139,1.05607,41.8599,-2.08606,0.0933
623,1.05782,45.2381,0,0
97,1.05792,39.7775,-0.44261,0.02373
359,1.03232,52.8744,0,0
637,1.05378,44.3462,0,0.09526
2600,1.03801,45.3949,0.00039,0.07268
2622,0.988266,40.5381,-0.00044,-0.00029
2615,1.06691,40.5961,-0.01481,0.25551
2549,1.05636,35.7728,-0.90737,0.04377
2487,0.918521,61.4456,0,0
2396,1.00043,42.1734,0.01452,0.0033
507,0.996921,78.1159,0,0
498,1.02824,41.6235,0,0
2450,1.03245,58.697,-0.52088,-0.08975
2008,0.996638,55.1991,-0.3591,-0.14304
2339,0.882351,63.7824,0,0
1893,1,54.7938,0.17275,0.06097
2425,1.06103,46.0576,0.16313,-0.06823
1863,1.06848,41.9821,-0.58753,-0.04335
2399,1.00045,42.1667,0.01373,0.00338
1844,1.07302,41.1219,-0.42993,-0.05256
1784,0.993102,59.6092,0,0
2380,0.871811,61.9916,0,0
1748,0.999369,44.7105,0,0
2391,1.06904,42.9612,0,0
348,1.05284,45.3196,0,0
399,1.04668,42.1485,0,0
1622,1.04808,45.8961,-0.48672,-0.08146
1719,1.04136,50.1235,-0.14453,0.04738
2122,1,61.3233,6e-05,0.00364
465,1.06723,42.5559,0,0
2165,1.00798,60.1988,-0.00706,-0.00134
2213,1,52.7401,0.25557,0.03184
1743,1.02398,34.5892,-0.55422,-0.06217
1754,1.00447,44.3607,0,0
1941,1,62.811,0.09335,-0.01227
1886,1.06668,36.1731,0.00717,0.00964
1945,1.03087,61.2894,0,0
2420,1,60.2221,0.22281,0.10807
1998,1,61.8086,0.00788,0
577,1.03421,47.2804,0,0
2092,1.07037,38.3133,0,0
2160,1.00822,60.2766,0,0
2235,1.0628,40.4588,0.00801,0.31176
1507,1.05307,44.1515,0.0005,-0.03422
318,1.06758,42.3108,0,0.02233
1457,0.970727,43.3374,0,0
1394,1.09935,44.1964,0,0
196,1.07391,46.7818,0,0
1283,1.04643,38.9834,-0.48791,0.00313
1275,0.966251,37.3747,-0.00358,-0.0001
903,1.06313,40.6677,0,0
224,1.0539,49.6839,0,0
1440,1.01794,38.3146,-0.4436,-0.02309
1094,1.06163,48.6227,-0.63958,-0.23044
112,1.05174,46.9697,0,0.09776
117,1.06913,44.4977,0,0
1172,1.09982,42.7027,-0.41414,-0.06977
1211,1.07143,39.9328,-0.57048,-0.1345
495,1.01704,55.0829,0,0
30,1.04734,46.2773,0,0.03401
757,1,49.4329,0.31801,0.11053
1054,0.977606,37.7534,0,0
811,0.933809,41.6167,-0.02121,-0.01932
1338,1.00997,35.8448,-0.0005,0.09848
1320,1.04474,33.4786,-0.2181,-0.04242
1343,1.01324,42.0692,0,0
917,0.98917,39.6931,0,0
943,1.09765,52.6441,0,0
676,1.07068,41.9359,-2.83456,-0.00657
66,1.03089,52.0349,0,0
1048,1.09781,43.1701,0,0
1058,1.03171,38.067,-0.61204,-0.0233
855,0.972021,44.3416,0,0
1129,0.992705,46.2329,0,0
71,1.06525,46.2405,0,0
78,1.03963,40.1133,0,0
1240,0.981481,34.6999,0,0
624,1.05884,45.3211,0.09075,0.02558
2589,1.06026,37.9021,-0.00092,0.07541
2624,1.06422,51.7904,0.09535,-0.00713
2550,1.00636,35.4344,-0.00495,0.00809
2520,1.05314,45.3512,-0.21555,-0.01356
2442,1,63.6748,1.49575,0.16226
2357,1.05998,44.3092,-0.0002,0.00481
2350,0.985534,64.6877,0,0
2345,0.996658,66.4721,-0.0014,0.02916
2310,0.983769,61.2589,0,0
2452,0.980676,58.5548,0,0
1968,1.04134,42.4566,0,0
1853,1.05937,38.4597,-0.51983,0.01789
350,1.0578,42.9499,0,0
1833,1.01362,43.749,0,0
2515,1.07026,45.1126,0,0
1923,0.995156,53.5891,-0.17782,-0.02891
2304,1.0146,39.4449,0,0
2195,0.984205,61.0736,-0.02969,-0.0232
2283,1.09993,41.1074,-0.10734,-0.08751
1774,1.04869,37.8878,0.00395,0.01219
2184,1.0538,38.8709,-0.76357,-0.06524
1929,1.03199,35.1443,-1.03203,-0.29734
2287,1.07477,41.3365,-0.31316,-0.05634
1632,0.996883,48.2188,0.00119,0.00671
1673,1.16845,36.3636,-0.70098,0.08868
2207,1.07217,41.8495,-0.34181,-0.0395
2519,1.00095,45.2741,0,0
1778,1.01856,38.7193,0,0
1648,1.00488,40.5996,0,0
1920,0.995656,53.5886,-0.17251,-0.02416
2407,1.07752,38.1635,-0.74393,0.07806
2198,1.02841,42.553,0.00069,-0.04838
336,1.05115,44.2385,0,0
2260,1.00312,43.4676,0,0
563,0.96686,60.931,0,0
2129,1,60.867,0.01008,-0.00029
2534,1.11019,38.4093,-0.37658,0.0326
1955,1.03651,47.4625,0,0
1962,0.980421,50.9546,0,0
608,0.904619,55.4677,0.40776,-0.11127
80,1.03337,57.2154,0,0
422,1.04349,59.9091,0,0
2031,1,61.8708,0.12223,-0.01083
2034,1.00264,37.3657,0,0
2045,0.996171,42.4639,-0.00469,-0.0052
2055,1.01603,61.2191,0,0
1506,1.05967,44.1912,-0.13,-0.0084
1504,1.01624,44.1669,0.00144,0.01832
1401,1.07363,51.6288,-0.00984,0.04983
1492,1.02465,42.3273,-0.0022,0.15801
320,1.02459,60.2003,0,0
1410,1.03578,34.9814,-0.91993,-0.01214
859,1.08505,49.4041,0,0
894,0.979196,41.378,0,0
1525,1.04816,43.9709,0.00246,0.0113
1589,1.00596,36.1213,0,0
334,1.04972,49.3123,0,0
1327,1.02067,41.0361,0,0
1426,1.01285,35.8678,-0.00505,0.10584
746,1,50.4524,0.25102,-0.04795
875,0.916368,55.6987,0,0
1227,1.00577,58.439,-0.19225,-0.10161
777,1,52.8839,0.20482,0.04997
237,1.05147,49.5655,0,0
974,1,49.9242,0.50297,0.04886
782,1,55.3988,0.49692,0.01678
288,1.05167,58.0747,0,0
300,0.946736,52.8698,0,0
337,1.0561,45.327,0,0
768,1,57.5358,1.48481,0.27519
283,1.03365,42.3111,0,0
20,1.05507,45.6515,-0.00614,0.09626
109,1.06515,43.6293,0,0
94,1.05699,40.213,0,0
104,1.03434,50.5347,0,0
1279,0.987331,54.6494,0,0
705,1,61.9999,0.42386,-0.04183
951,0.950434,57.4151,0,0
867,1.00164,60.0096,0,0
984,0.995186,49.4063,0,0
1333,1.00426,34.7745,0,0
1077,1.05347,53.6186,-0.0057,0.00469
794,1,61.6134,2.00354,1.24351
47,1.04683,44.8548,0,0
123,1.05773,42.6799,0,0
1216,1.02193,40.2621,0,0
412,0.937798,59.6639,0.05038,0.01274
143,1.0439,55.6957,0,0
644,1.05619,45.5176,0.00142,0.00191
616,1.00982,55.0374,0,0
250,1.08794,38.8633,-2.2012,0.32133
628,1.00749,52.4316,0,0
2630,1.05714,66.9458,0,0
2597,1.04527,57.6083,-0.00138,-0.00662
2614,1.01522,40.5994,0,0
2635,0.986102,61.3016,-0.00225,-0.00709
2578,1.00511,43.4751,0,0
597,1.10444,49.3553,0,0
2522,1.00219,45.978,0,0
2513,1,66.9776,2.36774,0.66744
2558,0.999742,60.3951,0,0
2417,1.02772,65.1218,0,0
2370,1.03143,61.9289,0.0021,0.00385
2347,1,67.5427,0.11398,0.0059
2451,0.98042,58.5255,0.00133,-0.00604
2468,1.03209,43.6111,-0.05053,-0.00282
1670,1.16842,36.9731,-0.54021,0.08233
1903,1.09074,42.428,0,0
1730,1.02711,58.1859,0,0
103,1.05756,44.9653,0,0
1805,0.97286,34.3425,0,0
1958,0.962364,47.498,-0.0018,0.00415
1894,0.990537,44.668,0,0
1612,1.00883,35.6056,-0.04968,0.03602
1901,1.09043,42.4059,0,0
2387,1,57.161,-0.00486,-0.00329
1668,1.04366,54.3611,-0.10489,-0.04717
1964,0.980558,50.9579,0.00103,0.0023
11,1.13309,50.2239,-45.9219,-19.7288
1808,1.05623,56.4118,0,0
1638,1.00158,57.8239,-0.00172,0.07138
2090,1.12546,38.5888,-0.73574,0.00299
1952,0.989623,44.6674,0,0
1816,0.993087,37.1787,-0.01068,0.0851
2408,1.03635,37.7597,-0.07489,0.13834
1629,1.03584,42.7229,-0.00294,0.19029
1868,1.00939,44.7418,0,0
1797,1.11612,43.5964,-0.36338,-0.12848
1942,1.00598,42.0557,0,0
2012,1,63.4846,0.37448,-0.03802
1781,0.974744,38.5064,0,0
2072,1.04567,47.8977,-0.34606,-0.09234
1662,1.02056,43.5018,-0.00251,0.02639
1990,1.0508,61.7371,0.37426,0.03816
2047,1.04815,42.7048,-0.51564,-0.0224
2308,1.03489,61.3065,0.02527,-0.00756
2178,1,51.6698,0.02773,0.03691
1802,0.93537,54.997,0,0
2220,1,50.9649,3.40558,0.06049
1567,1.02036,45.0567,0,0
1546,1.01263,40.8663,0.00052,-0.00115
1516,1.04347,40.7613,-0.03733,0.09016
1508,0.963114,38.9489,0,0
110,1.06355,43.0313,0,0
54,1.04401,39.9367,0,0
1416,1.04995,42.5324,-0.20811,-0.02648
1415,0.99794,42.4357,0,0
1363,0.984858,47.1632,0.01232,-0.00204
1448,0.997493,57.1578,0,0
1272,0.993603,40.9963,-0.01949,-0.01435
1254,0.987807,37.9537,-0.00271,0.04545
880,1.04752,41.8117,0,0
1002,1.05085,35.9798,-0.13158,-0.0246
911,1.06374,46.1347,0,0
1455,1.03342,43.7066,-0.57971,-0.12196
1016,1.03038,49.3651,-0.49279,-0.03866
821,1.06044,45.3683,1e-05,-1e-05
1025,1.02962,38.2745,-0.79274,-0.11952
209,1.04541,41.6378,0,0
1167,1.04323,40.9523,-0.01582,-0.00362
918,1.04387,42.2069,0,0
653,1,59.6363,6.80373,0.71529
1021,0.977776,37.9934,0,0
1151,1.03698,59.2302,-0.45933,-0.07137
965,1.04252,41.5738,0,0
996,1.0198,42.0559,0.0016,0.04986
691,1,49.3027,0.89726,0.23962
949,0.962713,50.8349,0,0
741,1,48.7864,2.21517,-0.05415
961,1,61.8391,0.38796,-0.06557
667,1,65.2148,6.28495,0.88822
852,1.0225,44.3233,0,0
376,1.05276,55.8325,-34.244,-14.0763
1202,1.00617,37.7512,-0.68967,0.0503
950,0.998585,57.399,0,0
887,0.975659,46.9366,0,0
1010,1.0998,48.3013,-0.2143,0.00082
1475,1.01132,41.3203,0,0
1291,1.02927,47.8944,0,0
210,1.04093,41.3089,0,0
1111,1.0054,44.2234,0,0
1127,1.05299,36.4894,-1.48656,-0.09219
769,1,59.3071,0.16681,0.0074
1198,0.989377,36.2344,0,0
1496,1.00357,48.3513,0,0
1231,0.991348,34.3028,0,0
254,1.07054,45.5541,0,0
372,1.04511,48.3931,0,0
126,1.03852,42.0217,-1.93711,-0.43229
414,0.935128,59.3217,0.00317,1e-05
303,0.955536,57.6882,0.01127,0.01673
2616,1.01639,40.5619,-0.00735,0.01361
2634,0.997469,61.3077,-0.00225,-0.00722
2642,1.03096,44.794,0,0
2378,1.048,64.4981,-0.14731,0.00124
2371,0.991079,61.9227,0,0
532,1.04922,59.8213,0,0
2426,1.02252,46.0694,-0.00119,0.0703
2576,1,55.1556,1.98354,-0.10051
1659,1.01784,49.0989,0.00887,0.19686
1865,0.980926,38.7602,0,0
364,1.04458,61.6212,0,0
1747,1.00757,44.6719,-0.00566,0.17011
1832,1.01449,43.7348,0.00034,0.01603
1801,1.06488,43.5036,0.00994,0.09785
1970,1.04112,42.4546,-0.00066,-0.00328
1654,1.00708,49.0968,0,0
1795,1.04339,33.2986,-0.07477,0.12954
1817,1.00796,41.5993,0,0
1624,0.98245,42.7329,0,0
2286,1.02133,41.2456,0,0
1701,1.02359,53.528,-0.37636,-0.09033
2242,1.1218,50.2817,0.01604,-10.3955
2193,0.949654,64.034,0,0
1751,1.00385,36.174,0,0
1664,1.07174,43.6564,-0.35342,0.00293
2044,1.04829,42.6929,-0.51752,-0.02143
2186,1.06665,36.4634,0,0
1650,1.01038,40.5896,-0.00096,0.09334
2140,1,60.939,0.01594,-0.00028
380,1.026,64.3242,0,0
437,1.05153,51.868,0,0
2251,1,53.988,0.25585,0.29403
2299,1.06718,36.9987,-0.80459,-0.12194
578,1.05636,45.7175,0,0
2459,0.93002,54.5611,-0.0086,-0.01879
477,1.03135,63.7446,0,0
2204,1.07192,41.8408,-0.34926,-0.04416
2243,1.14405,50.1692,0.01605,14.8943
1822,1.05333,45.5285,0,0
1503,1.06783,44.2199,-0.12253,0.02046
1500,1.10182,48.7282,-0.46437,-0.19548
1528,0.970116,54.6552,-0.00553,-0.18247
1485,1.0519,56.6435,-0.09304,0.05895
1471,0.998844,42.2284,-0.00283,0.01323
1464,1.04521,37.7271,-0.49014,0.00216
1456,0.992447,43.2941,-0.05999,0.14684
1406,0.986039,34.6059,0,0
1372,1.05393,46.0615,-0.00869,0.23795
1259,1.03234,57.8684,-0.60952,-0.00545
1423,1.01064,35.9849,-0.00487,0.09706
1458,1.02105,43.6782,-0.64151,-0.04314
1166,1.04814,41.2319,-0.46267,-0.07905
779,1,61.6321,0.60805,0.13638
1292,1.0284,48.0643,-0.36136,0.06969
59,1.04238,48.0928,0,0
955,1.02709,45.2139,0,0
683,1,58.4005,0.34379,0.01848
1090,0.990152,38.479,0,0
1099,1.04117,45.9065,0,0
1018,0.981371,49.1711,0,0
742,1.00093,63.7142,0,0
833,1.04913,45.9127,0,0
674,1.08501,42.0778,-0.00744,-0.43056
169,1.03937,41.5193,0,0
1073,1.06086,43.5461,-0.6242,0.00445
783,1,57.8866,0.57869,-0.06844
1086,1.02428,38.4524,-0.0058,0.09798
1028,1.03896,58.7599,-0.36536,-0.12593
121,1.04007,39.7125,0,0
1220,1.0735,40.2822,-0.28459,0.11208
771,1,52.8073,0.33777,0.01355
179,1.05118,57.9705,0,0
197,1.04066,54.0802,0,0
190,1.05754,42.2295,0,0
266,1.01994,44.0814,0,0
1164,1.01269,41.4505,0.00797,-0.00526
931,1.04306,43.45,0,0
1114,1.01175,44.1694,0,0
799,1,63.3065,0.71389,0.00028
238,1.05063,49.3244,0,0
1209,0.984425,59.0791,-0.00404,0.0711
1046,1.15379,43.3162,-0.35801,-0.13261
1083,1.0188,38.381,-0.00469,0.01342
1144,0.998488,36.3194,0,0
1059,1.02107,37.6564,-0.01834,0.00259
1110,0.994727,38.3367,-0.00505,0.08416
699,1,48.3525,0.01677,0.03379
166,1.03766,49.468,0,0
1468,1.00277,42.3033,-0.02078,0.08441
938,1.0408,63.7427,0.05781,-0.00139
38,1.03323,54.3536,0.02509,-0.15814
1212,1.01807,39.702,-0.0157,0.00415
5,1.12762,50.1011,0,0
2601,1.03612,36.4769,-0.21639,-0.00304
2636,0.947969,61.3067,0,0
2574,1,55.2567,0.34643,0.01594
590,1.06212,46.176,0,0
2473,0.959048,54.1745,0,0
2416,0.994815,64.8349,0,0
2400,1.03767,40.9203,0,0
499,1.08488,39.6168,0,0
2282,1.04493,41.0703,0,0
138,1.04385,37.9612,0,0
1888,1.099,34.0839,-1.14746,-0.0081
1882,1.07737,36.5668,-1.10169,-0.0444
539,1.04537,64.6024,0,0
1932,1,65.3621,0.04611,0.00485
1763,1.02295,38.2849,0,0
62,1.05789,39.8626,0,0.38131
1855,1,43.8834,0.16281,-0.006
1653,1.00551,40.5783,-0.00203,0.00167
1663,1.01885,43.5049,0,0
2065,1.02159,56.6835,-0.46697,-0.05812
2510,0.994231,65.7834,0,0
1862,1.01553,41.726,0,0
2054,1.04426,61.2191,0,0
2545,1.02605,42.4541,0,0
1675,1.00717,36.3408,0,0
1827,0.976345,61.8411,0,0
528,1.04043,65.2669,0,0
1713,1.07903,39.1072,-0.75049,-0.03377
1655,1.05877,49.2552,-0.38696,0.07524
583,1.03469,63.9804,0,0
1741,1.00639,34.8636,-0.00083,0.00506
1992,1.00057,52.945,0,0
432,1.04475,61.3326,0,0
1672,1.11135,36.1541,0,0
122,1.02539,60.3032,0,0
2077,1.08489,38.6309,0,0
1609,1.04559,58.0401,0.09294,-0.01677
2028,1.08684,49.4076,0.15293,0.02427
2141,1,60.8498,0.00868,-0.00027
2162,1.00752,60.1902,-0.0074,-0.00328
2491,1.19287,39.6962,0,0
2552,1.05662,35.7756,-0.91179,-0.05119
2551,1.00444,35.4912,0,0
2175,0.992971,50.203,0,0
587,1.01386,57.6176,0,0
1733,1.00899,41.3401,0,0
2457,0.990999,41.4586,-0.00164,-0.00557
1549,1.0608,40.9554,-0.12585,0.05084
1521,1.04919,43.9942,-0.49401,0.04752
1501,1.0571,48.5428,-0.00384,0.23377
1435,1.01093,39.0793,-0.00338,0.08003
1433,1.00531,39.1011,0,0
873,0.999377,58.1164,0,0
952,0.99859,57.3924,0,0
964,1.07569,41.5704,0,0
789,1,57.2913,0.12942,0.03043
93,1.05588,39.8329,0,0.07253
731,1,44.3444,0.28335,0.26095
1147,0.985015,59.1259,0,0
666,1,65.1085,6.19985,0.93617
735,1.00334,51.6777,-0.00933,-0.01181
665,1,65.2738,6.33213,0.86038
1362,1.03544,47.3952,-0.69023,0.0663
113,1.04672,52.6792,0,0
1236,1.0297,33.6441,-0.15735,-0.03267
922,1,60.5921,0.40096,-0.00353
753,1,61.2866,0.43022,-0.08755
1065,1.05548,34.136,-0.00217,0.00416
133,1.05102,57.9176,0,0
43,1.07161,60.385,0,0
98,1.03194,60.8353,0,0
762,1,52.9331,0.48422,-0.04206
1155,1.04671,42.6615,-0.11987,0.01056
1106,1.04455,38.5385,-0.63157,-0.11052
575,1.03932,40.4669,0,0
1232,1.04251,34.6766,-0.82987,-0.10158
1238,1.03108,35.3801,-0.76168,-0.14769
565,1.07266,45.7688,0.00063,0.06995
631,1.03775,40.544,0,0
2590,1,54.5153,2.67786,0.13715
2608,0.950529,48.4093,-0.08862,-0.00625
2637,0.997466,61.3076,-0.00225,-0.00722
2531,1.11575,37.4648,-0.73334,-0.07591
2461,1,62.115,0.09143,0.02705
537,1.01304,57.4373,0,0
2373,1.03146,61.927,0.00157,0.00386
2358,1.05884,44.3129,0,0
505,1.03911,77.3689,0,0
2289,1.02134,41.2538,0,0
75,1.05835,40.4823,0,0
1727,1.02884,59.0849,0,0
341,1.02768,41.3889,0,0
404,1.04244,57.6724,0,0
369,1.06748,42.8168,0,0
513,1.03786,65.0116,0,0
1613,1.05476,40.6425,-0.19212,-0.3062
1700,0.972405,53.3615,0,0
1950,1.02263,44.9514,-0.87637,-0.05899
2010,1,51.2294,0.09956,0.00617
2405,1.03112,37.6729,-0.09391,0.07863
2154,0.98944,61.3556,0,0
2171,0.984994,41.8355,-0.00601,0.00427
1972,1.04853,40.1211,-0.45465,-0.1381
403,1.04246,59.7818,0,0
2317,1,80.1931,0.12151,0.01455
1994,1,52.1432,0.12635,0.00363
455,1.01433,49.8501,0,0
1623,0.995677,45.655,-0.00413,-0.00106
2040,0.970405,37.0656,0,0
1704,1.07673,43.7194,-0.61255,-0.00965
132,1.05777,43.4019,0,0
1614,1.05608,40.6452,-0.19112,-0.28156
2099,1.06614,59.9501,-0.00203,0.00095
2105,1.05781,43.4897,-0.00695,0.00067
2121,1,61.3267,0.00517,0.00372
2309,1.02354,61.3025,-0.00447,0.00331
517,1.00058,52.8265,0,0
2490,1.08504,39.7534,0,0
2192,0.981896,64.0064,0,0
1580,0.972534,56.5738,0,0
1517,1.03945,40.8241,0,0
1479,1.10677,47.8574,-0.40728,-0.06597
1465,0.994192,37.4761,-0.00102,0.00329
1444,0.967786,38.1312,0.00462,0.00233
1408,1.03328,34.5935,-0.00332,0.00452
1286,1.04628,38.9837,-0.49527,-0.08193
1262,1.06886,38.3422,-0.79849,-0.04975
1481,1.05107,47.8948,0,0
1252,0.984401,37.9688,0,0
902,1.00127,43.3165,0,0
1186,1.00357,41.4817,0,0
1015,0.979682,49.1334,0,0
832,1.01894,45.917,0,0
1157,1.0564,43.2064,-0.37906,0.00295
677,1.08502,42.0793,-0.00683,-0.42884
1583,0.989465,50.2534,0,0
316,1.06356,41.1947,0,0.03583
651,0.939331,55.8604,0,0
750,1,52.5378,0.14823,0.01345
1355,0.975645,41.3994,0,0
650,1,62.7814,4.4137,-0.00664
1579,1.00579,55.6234,-0.2657,-0.07441
1204,0.992318,59.167,0,0
747,1.00022,53.8946,0,0
1074,1.00909,43.2993,0.00924,0.0039
796,1,52.5535,0.37308,0.007
289,1.06355,46.3002,0,0
933,1.07339,45.5141,0,0
1178,1.05514,36.7906,-1.00612,-0.06488
795,1,59.279,1.00722,0.66434
805,1,56.5915,3.46433,0.3461
1082,1.07117,38.667,-0.73397,-0.10046
924,1.04731,59.6355,0.1468,0.03433
1449,1.04957,57.1591,-0.00289,-0.00504
937,1.00021,63.3482,0,0
1374,1.0704,41.8362,-0.55819,-0.00312
1196,1.1687,35.9239,-1.39748,-0.37786
519,1.05771,42.2399,0.03451,0.0147
553,1.0438,61.3239,0,0
387,1.05449,56.8766,0,0
2581,1,61.1688,0.50761,-0.07045
2539,1,49.3549,0.01383,0.01006
2503,1.08212,41.5172,-0.36606,0.06653
618,1.08912,40.685,0,0
581,1.0495,39.75,0,0.36924
2472,1,60.8673,1.79683,0.12411
2419,1,63.2287,0.6113,-0.21626
2375,1.04774,64.4791,-0.14403,-0.0417
2325,0.920095,66.5904,0,0
1838,0.977489,51.0279,-0.00192,0.09189
1835,1.0145,43.6252,-0.03677,0.0159
2529,1.06942,37.3731,-0.01752,0.1043
1769,1.01846,54.022,0,0
1953,1.04121,45.1119,-0.86949,-0.05856
2384,0.954524,66.7139,0.00486,0.00235
1714,1.02576,38.8354,0.00399,0.0013
2101,1.07854,59.8008,0.25083,-0.05379
1783,0.98065,38.4847,-0.00362,0.09699
1683,1.09594,40.2461,-0.56186,-0.05373
482,1.03673,50.9143,0,0
2443,1,69.9599,0.37378,-0.03153
2043,0.996445,42.4774,0,0
2411,1.14903,64.7275,0.0104,0.01353
1971,0.995693,39.9154,0,0
1973,0.995411,39.8702,-0.01511,-0.00504
1985,1.01792,50.7345,-0.00161,-0.00321
516,0.941139,54.7504,0,0
2143,1,60.8257,0.00672,-0.00025
428,1.05009,45.027,0,0
2064,0.970866,56.4804,0,0
2083,1.04343,47.0646,0,0
2157,0.877154,57.8237,0,0
2483,0.978709,50.9654,0,0
2201,1.0201,42.5591,0.00088,0.03085
2237,1.08989,40.4428,-0.44851,0.11913
2223,1,57.1708,-0.00726,0.02357
2227,1,66.0865,0.13753,0.04883
1571,1.0765,45.0781,-0.08496,-0.00423
1547,1.02139,39.7142,-0.18733,-0.11204
1472,0.997412,44.5601,0,0
221,1.05733,42.1954,0,0
1437,1.06321,39.1443,-0.78128,-0.05648
1370,1.04012,46.1074,0,0
1348,0.995893,51.9355,-0.17484,-0.00852
1321,1.02135,37.4369,0,0
883,1,59.9629,0.0527,0.00656
1187,1.05572,41.9453,-1.04475,-0.05347
1499,1.04619,48.5655,0,0
1326,1.02707,37.3705,0.00319,0.13023
688,1,70.3704,5.30375,-0.06691
695,1,56.2526,1.10246,0.0139
654,1,59.3953,6.60888,0.42981
748,1.04117,53.8635,-0.00448,0.00329
1317,1.04701,36.7216,-0.24261,-0.07338
709,1,56.7247,0.29333,0.01074
1314,0.988855,46.7561,0.00232,0.01319
202,1.01613,50.286,0,0
672,1.07095,42.0761,0,0
772,1,56.6088,0.92214,0.13238
727,1,56.81,0.20915,0.01878
1373,1.01779,41.5271,0,0
671,1,63.9348,4.93273,0.59492
806,1,48.6752,1.75391,-0.22918
925,1,60.7958,0.39589,0.00491
798,1,63.9238,0.75149,0.01794
1367,1.03295,46.0904,0,0
976,0.85704,50.252,0,0
702,1,51.4242,0.28357,0.01239
781,1,55.3846,0.49763,0.01874
394,1.01373,49.8487,0,0
1078,1.0535,53.641,0,0
1140,1.01569,42.7829,-0.00634,0.00428
1495,1.0294,42.4479,-0.00045,0.07007
561,1.06251,45.2572,-0.04156,0.07736
171,1.03823,51.1561,0,0
643,1.05649,45.326,-0.00036,-0.00307
541,1.00296,66.26,0.11099,0.06195
2605,1.09611,44.7246,-0.00088,0.00814
2573,1,55.2814,0.34872,0.01769
2569,1.05068,47.1844,7e-05,0.0941
2524,1.00211,45.8633,-0.04038,-0.00052
2484,1.02942,51.0123,-0.13383,0.04031
2436,1,63.6639,5.28466,0.96711
2435,1,63.6472,5.30086,0.95991
2363,1,67.1205,0.19829,0.00221
436,1.07078,41.9316,0,0
2538,1.04984,49.3551,0,0
357,1.08171,39.5572,0,0
2497,0.944972,37.2452,-0.01217,0.03163
1848,1.02447,40.9553,0.00137,0.09621
1922,0.94587,53.5368,0,0
1957,1.03667,47.4699,0,0
276,1.05142,38.8902,0,0.07394
1651,1.00541,40.5853,0,0
1776,1.10025,37.8132,-0.58855,-0.08221
2516,1.09295,45.0991,0,0
2404,1.07739,38.1663,-0.72296,0.13501
2152,1.0494,60.8793,0,0
2182,1.01191,38.5432,-0.00205,0.22141
2562,1.02196,64.2011,0.03908,0.05483
2307,0.983528,61.3131,0,0
2128,0.989901,60.7725,0,0
1943,1.05873,42.2895,-0.60045,-0.09893
2434,1,63.6878,5.31276,1.00542
2268,1.00298,62.6346,-0.07334,-0.07582
1974,1.01244,36.3604,0,0
1710,1.05682,51.6309,-0.00822,0.12579
2138,1,60.8767,0.01087,-0.0003
2139,1,60.7431,0,0
2176,1.0449,50.2045,-0.0007,-0.01163
2200,1.02023,42.5601,0,0
2241,1.01205,44.3592,0.00371,0.00264
1821,1.04884,45.5113,0,0
2248,0.973818,76.0704,0,0
1535,1.08248,51.8938,0,0
1522,1.05339,43.8309,0.00025,0.03546
1509,1.01339,39.0658,-0.28217,-0.03197
1466,0.996778,42.3982,0,0
95,1.08712,48.0987,0,0
1425,1.06004,36.2601,-0.7324,-0.16319
1400,1.02086,51.6269,0,0
1385,1.09935,44.1964,0,0
1293,1.02996,47.8843,-0.00229,0.00983
158,1.03802,41.176,0,0.11421
1489,1.04794,56.5988,-0.00058,0.00155
1483,1.05163,47.8926,-0.00014,0.0028
751,1,64.3604,0.64191,0.00599
953,0.950685,57.4086,0,0
738,1,57.83,0.65299,0.00366
710,1,60.1776,1.72127,0.08903
1095,1.04803,48.2672,-0.01416,-0.01034
314,1.01189,54.8871,0,0
1171,1.0451,42.5407,0,0
1357,0.975317,41.3991,-0.00023,-0.00548
659,1,59.2543,1.43866,0.74886
758,1,50.8621,0.18039,-0.01596
1061,1.1091,34.3903,-1.30197,0.07307
664,1,64.9965,6.11026,0.80821
726,1,44.2318,0.20045,0.0049
780,1,60.572,0.4195,-0.01505
826,1.04595,42.0064,-0.00194,-0.00972
1594,0.989757,37.4349,-0.00319,0.08735
185,1.05532,46.5136,0,0
285,1.0573,52.8964,0,0
24,1.04463,44.4699,0,0
935,1.05997,45.4921,0,0
1047,1.10081,43.1495,-0.00088,0.07481
946,1.05778,43.2069,0,0
803,1,57.7425,0.06375,-0.03076
249,1.04684,46.1805,0,0
1087,0.989985,38.4944,0,0
966,1.03326,52.5421,0,0
74,1.04486,41.0411,0,0.09067
244,1.04246,56.8985,0,0
1230,1.01026,57.9564,-0.24965,-0.02749
639,1.0573,45.512,0.00154,0.00374
326,1.08733,39.4054,-0.65438,0.08009
620,1.06698,46.3926,0,0
2595,1.00488,57.6119,0,0
2645,1.01347,39.2033,0,0
2579,1.05806,43.5359,-0.16453,-0.1002
2566,1.05078,47.175,0.00036,0.09337
2512,1,65.8851,0.02791,0.00502
2342,0.997468,66.3734,-0.00255,0.02973
2253,1.10697,43.3571,0,0
371,1.05159,50.3295,0,0
1872,1.06962,44.811,-0.14253,-0.01373
1996,1,54.4455,0.11599,0.00216
2219,1.05443,42.9381,-0.00374,0.08783
1718,0.990115,50.0729,0,0
1791,1.07456,34.4803,-1.59509,0.04395
1777,1.04679,37.9438,0.00328,0.00377
1897,0.99056,44.6731,0,0
1626,1.03352,42.7132,-0.00246,0.22228
1694,1.01285,40.3285,0,0
1819,0.936363,41.6985,-0.00076,-1.18295
1669,1.1112,36.8112,0,0
1960,1.0671,37.4436,-0.72611,-0.02805
1982,1.01791,50.7293,-0.00197,-0.00318
441,1.04784,47.8282,0,0
461,1.05053,45.2764,0,0
327,1.08122,39.6693,0,0
1643,1.03586,43.337,-1.2555,-0.41501
2082,1.09254,38.6414,0.00194,0.09378
1604,1.00519,57.8359,0,0
2098,1.07852,59.8603,0.2567,-0.05364
2104,1.05583,43.3616,-0.02453,-0.01357
2113,1,61.5688,0.02025,0.00431
2115,1,61.4081,0.00703,0.00372
450,1.05625,58.9273,0,0
2167,1.07217,41.238,-0.7299,0.00306
1566,1.01499,41.0128,-0.08999,-0.02607
1493,1.02602,42.4545,0,0
1364,0.979323,46.7929,0,0
1261,1.01622,38.1332,0,0
913,1.06192,46.1455,0,0
885,0.975226,46.9305,0,0
1297,0.987372,49.7039,0,0
657,1,65.5843,5.88606,0.74887
1354,1.01844,40.169,-0.00232,0.06688
698,1,52.203,0.30402,-0.01597
712,1,59.8211,1.7025,0.01017
1183,1.00159,42.7144,0,0
1378,1.02303,41.3152,-0.06681,0.1501
145,1.04106,41.9358,0,0
686,1,70.5076,5.40481,-0.07433
1096,1.00554,47.5503,0,0
10,1.11744,51.1737,0,0
810,0.976182,41.6118,0,0
186,1.03816,43.7337,0,0
1452,1.06237,41.8567,-0.53704,-0.05882
73,1.03888,57.5978,-0.00066,-0.01326
1063,1.05529,34.1418,0,0
970,1.03784,49.2246,0,0
292,1.00728,52.3961,0,0
765,1,62.1071,0.49576,-0.1097
1085,1.0729,38.7728,-0.70869,-0.17489
102,1.02959,60.6405,0,0
896,0.853056,54.7214,0,0
1080,1.05364,53.6286,-0.00471,0.00316
1112,1.05785,44.3351,-0.26324,-0.04181
234,1.03737,40.5478,0,0
1161,1.01198,41.3888,0.00836,-0.00342
1319,1.05166,34.5373,-1.18058,-0.05766
247,1.05677,43.3939,0,0
1241,1.03237,35.0828,-0.81011,-0.06016
35,1.05448,56.9102,0,0
617,1.04997,65.2128,0,0
524,1.04022,39.6887,0.074,0.05942
48,1.05156,50.3198,0,0
567,1.06945,44.4786,-0.00025,0.02371
2638,0.9861,61.3016,-0.00225,-0.00709
606,1.02477,63.9638,0,0
2470,1.03744,44.285,-0.17521,-0.02088
2454,0.980359,58.552,-0.0006,-0.00344
558,1.04496,57.3851,0,0
2285,1,83.5028,0.50338,0.00306
2413,1,58.0921,0.18356,0.01414
1889,1.06628,31.6294,-0.13939,0.1074
1857,1.04511,37.126,-0.77089,-0.09125
343,1.02594,61.3321,0,0
1734,1.05464,41.6302,-0.70782,-0.28501
355,1.04149,39.7697,0,0
2218,1.10527,43.1381,-0.48863,-0.08251
1789,1.04352,59.5813,-0.00218,0.1048
2131,1,60.8314,0.00718,-0.00028
468,1.01882,58.4613,0,0
1910,0.995228,32.6085,0,0
1625,1.03618,43.0986,-0.8818,-0.41672
448,1.05773,43.5405,0,0
319,1.0521,40.0025,0,0
1793,1.022,34.0145,0,0
1988,0.996482,58.7679,-0.00171,-0.09413
1989,0.998796,61.9002,0,0
2422,1.06104,46.0666,0.16093,-0.06867
388,1.04351,62.0645,0,0
406,1.05208,54.3989,0,0
2073,1.04407,47.3464,-0.11153,0.17137
592,1.08796,39.789,-0.4514,0.09283
324,1.0635,41.9075,0,0
2046,0.996304,42.4869,0,0
1608,1.0579,57.8727,-0.23392,-0.00235
451,1.01242,57.374,0,0
1545,1.0653,41.0541,-0.57364,-0.02185
1371,1.09476,46.2672,-0.40264,-0.07074
884,1.06755,46.8891,0,0
839,1.17158,50.2164,0.5291,0.06963
328,1.062,51.5418,0,0
284,1.05253,59.0507,0,0
610,1.06164,50.8136,0,0
219,1.04396,52.2246,0,0
86,1.03794,52.1715,0,0
29,1.04915,45.9163,0,0.01478
824,1.09381,42.0096,0.00221,-0.00229
830,1.0934,42.008,0.00218,-0.00292
736,1,48.5337,0.62685,0.26948
1053,1.01216,41.6359,-0.05455,-0.00638
759,1.01051,47.5504,0,0
723,0.906605,54.5392,-0.00485,0.00161
446,1,57.2958,0,0
413,0.935049,59.2975,0.00691,0.01023
65,1.04813,56.0642,0,0
1176,1.01265,36.7518,0.00042,0.09341
1551,1.07365,36.8158,-0.48436,-0.02931
214,1.02187,40.7741,0,0
679,1,60.3664,0.35921,-0.15023
982,1,50.0213,0.03394,-0.00409
1599,1.13292,59.9453,-0.34778,-0.02256
989,1.07176,40.0891,-0.48877,-0.22579
990,1.03305,39.8122,-0.00029,0.22747
634,1.05853,45.3028,-0.01622,0.04329
648,1,62.9206,4.52316,-0.05357
2643,0.981772,44.8084,0,0
2586,1.06052,37.8371,-0.00586,0.0779
2540,1,78.6871,0.21429,0.00754
560,1.0432,59.635,0,0
170,1.04622,42.6828,0,0.28172
2429,1.01434,55.3748,0,0
2341,0.997919,66.3713,0,0
2265,1.02372,64.1751,-0.00183,0.00527
1891,1.09634,34.1615,-1.17232,-0.06745
1890,1.04225,33.892,0,0
1887,1.0451,33.2172,0,0
1866,1.03148,39.0162,-0.51559,-0.01351
1919,0.946343,53.5288,0,0
1839,0.973415,51.0473,0,0
2514,1,61.4049,0.20107,0.07777
1924,0.947002,53.4631,-0.00459,0.00444
1845,1.02452,40.9642,0.00189,0.09804
527,1.00952,66.7217,0,0
259,1.04078,51.1726,0,0
2571,1.07065,64.6654,-0.00927,0.01591
2136,1,60.8609,0.00958,-0.0003
2053,1,59.5482,0.09369,0.00444
1699,1.01175,53.3668,-0.00178,-0.00497
1724,1.02144,36.6156,0,0
2023,1.04348,37.8476,-1.5659,-0.36443
1641,1.00528,56.8411,0.08166,0.04022
2544,1,57.6202,0.04019,-0.00093
1636,0.997469,57.8373,0,0
1753,1.00405,36.0954,-0.02307,0.00397
1873,1.01668,44.7519,0.00034,0.00201
1773,1.10118,37.8173,-0.59148,-0.07571
335,1.0551,44.9803,0,0
554,1.04198,61.3142,0,0
2100,1.02458,59.8933,0,0
2561,1.02245,64.2239,0,0
55,1.05554,44.0491,0,0
1807,1.01274,34.3292,-0.00403,0.00812
2444,1,60.2999,0.08022,0.01944
2041,1.02065,37.4244,-0.76595,-0.00294
1780,1.0236,38.6938,-0.00565,0.08678
1993,1,52.8838,0.13726,0.01132
463,1.03296,61.4105,0,0
591,1.08718,39.6385,0,0
2149,1,60.8579,0.00934,-0.00031
2048,0.995982,42.4685,-0.00633,-0.00607
1712,1.0257,38.825,0,0
2231,1.06549,38.2019,-0.57064,-0.06083
540,1.06925,44.4801,0,0
2306,1.01223,39.0227,-0.03562,-0.01059
2169,0.984539,41.8745,0,0
2284,1.05899,40.845,-0.0191,0.07029
1536,1.12612,51.9413,-0.05953,0.00527
1418,1.00533,34.4509,0,0
1381,1.04103,41.8655,0.00734,-0.00258
1325,1.07343,37.7192,-0.83014,-0.16707
1384,1.04088,41.8457,0.00631,-0.00996
1265,1.07029,38.3802,-0.76318,-0.09763
1255,0.984679,37.9761,0,0
854,1.02255,44.3264,0,0
843,1,44.4331,0.16078,-0.01339
307,1.00072,60.0085,0.1215,0.00082
331,1.04218,48.5604,0,0
670,1,64.3085,5.2264,0.56187
692,1,43.19,0.1295,0.08575
1582,1.00451,55.5287,-0.29488,-0.1076
684,1,60.6346,0.23109,-0.01278
1214,1.07187,39.9323,-0.56847,-0.12767
119,1.05423,47.6458,0,0
749,1,53.7798,0.16162,0.05453
791,1,64.5131,0.49329,-0.0545
739,1,51.1287,3.34514,1.5676
156,1.0715,42.338,0,0
703,1,46.5537,0.39604,0.02045
700,1,58.1795,0.43904,0.20846
967,0.966,52.5671,0,0
968,0.942761,62.8473,-0.05468,-0.02271
1043,1.06056,40.7783,-0.1243,0.02856
39,1.02592,52.4554,0,0
1447,1.03836,60.177,0.21309,0.00552
1345,1.01651,42.0558,-0.00232,0.05779
402,1.04471,57.2371,0,0
1229,1.02519,59.2813,-0.4146,-0.14388
619,1.03891,39.8192,0,0
526,1.05946,40.1968,-0.00448,0.02238
609,0.90143,55.1595,-0.0794,-0.0293
636,1.04331,59.6338,0,0
2568,1.08565,47.2495,-0.21292,0.00873
2532,1.06907,37.4318,-0.00096,0.10119
2455,0.991285,41.463,0,0
2395,1.05158,42.0216,-0.11827,0.04776
2374,1.04771,64.4714,0,0
2355,1.05904,44.3125,0,0
509,1.01002,66.6059,-0.20811,-0.00795
504,1.03959,77.4108,0,0
2288,1.0294,41.244,0.00158,0.09146
491,1.02279,64.1518,0,0
485,1.08249,43.5285,0,0
1852,1.00712,38.5197,0,0
1931,1,49.78,0.03925,0.02632
2433,1.0174,42.2461,0,0
391,1.03569,47.411,0,0
1744,1.01259,34.3156,-0.00336,0.00604
2383,0.954519,66.7138,-0.00263,0.00235
1739,1.00613,34.8663,0,0
1755,1.05935,44.6109,-0.59289,-0.37881
1631,1.04806,48.3687,-0.44661,0.03469
2271,0.998381,36.4013,-0.20617,0.0141
263,1.06483,43.2228,0,0
273,1.03276,55.2928,0,0
574,1.05632,61.2289,0,0
1978,1.06435,36.4915,-0.7634,0.11311
1746,1.05223,44.9202,-0.51839,-0.20758
1940,1.00315,62.0409,0,0
2208,1.06006,41.4854,-0.08718,-0.00192
1954,0.998543,44.6484,-0.00072,0.15639
1976,1.02854,35.2676,-0.11583,0.10075
2066,1.01195,55.8765,-0.16995,0.0329
2004,1,60.5372,0,0
2319,1.0411,77.9415,-0.00897,0.00059
181,1.0552,45.3621,0,0
2017,1.11322,48.3488,-0.28103,0.02732
2019,1.05778,48.2499,0,0
317,1.04175,40.6063,0,0
1616,1.06374,40.6397,-0.19272,-0.13714
2498,1,58.2103,0.12022,0.0013
579,1.01747,47.952,0,0
2174,0.959278,37.4069,-0.00436,0.00559
2482,1,45.0219,0.10698,-0.03113
2191,1,68.5768,0.56985,0.02711
2294,1.00407,39.916,0.00326,0.00327
1603,1.08074,59.8175,-0.00444,0.09483
1534,1.11342,39.6147,0.00102,0.09524
50,1.04602,45.2159,0,0
1514,1.03726,40.9126,0,0
345,1.05314,45.4469,0,0
175,1.04596,43.3117,0,0
1360,0.978429,39.7064,-0.02913,0.07867
1352,1.0153,40.1789,0,0
1310,1.03924,46.9482,-0.4159,-0.13655
1407,1.03638,34.9986,-0.90431,0.04816
1260,0.981218,57.6458,-0.00294,-0.00494
296,1.001,58.3489,0,0
1399,1.02686,42.2181,-0.27501,0.00314
255,1.0596,42.2346,0,0
808,1.0405,55.2615,-0.05032,0.00967
1215,1.01843,39.7113,-0.01571,0.00303
1219,1.0212,40.1921,0,0
685,1,70.4946,5.39523,-0.15269
744,1,63.5639,0.47366,0.14819
9,1.11734,51.2271,0,0
150,1.05121,51.726,0,0
105,1.05713,44.4723,0,0
1574,1.07817,35.2243,0,0
1375,1.02718,41.1118,-0.1015,0.13802
199,1.05068,56.3644,0,0
1585,0.989573,50.2533,4e-05,0.00177
26,1.05421,45.2982,0,0
1318,0.9998,34.1125,0,0
1552,1.03895,36.6294,-0.00076,0.00862
980,1,52.3971,1.44995,0.3665
1143,1.0096,36.0903,-0.04357,0.13654
987,1.00876,32.6244,-0.00338,0.28175
194,1.06314,43.231,0,0
270,1.08383,39.4683,0,0
1109,1.04214,38.5895,-0.6286,-0.14491
1057,0.98114,37.7341,0,0
1344,1.06646,42.2997,-0.58166,-0.102
1185,1.04848,42.4665,-0.05816,-0.00935
1225,0.973831,59.1861,0,0
2644,1,70.9472,0.79432,0.06126
2509,1,68.5031,0.49917,0.05574
2504,1.02907,41.3983,-0.00069,0.00079
2486,1,61.4387,0.18651,-0.01034
2478,1,57.141,-0.003,0.05701
549,1.04536,62.0772,0,0
2412,1,81.5436,0.67946,0.04544
2330,0.926002,52.9841,0,0
1745,0.998842,44.701,0,0
342,1.05427,47.6993,0,0
2119,1,61.3359,0.0011,0.00354
1809,1.05673,56.3951,-0.01544,0.02721
543,1.05824,45.3095,0,0
1760,1.02304,38.3017,0,0
1637,1.05416,58.0957,-0.58465,-0.08227
1656,1.00747,49.0872,-0.00268,0.00657
2180,1.00068,38.566,0,0
1927,1.01991,34.7032,-0.00652,0.0032
1757,0.993196,44.3061,0,0
2187,1.12184,36.5854,-0.57956,0.09857
407,1.04722,49.2868,0,0
1782,1.0251,38.7612,-0.5688,0.00584
2006,1.09095,60.7466,0,0
460,1.03564,63.0555,0,0
427,1.0223,40.974,0,0
2037,0.970482,37.0701,0,0
2423,1.02269,46.1291,0.00317,0.07091
1933,1,64.9501,0.11525,-0.02385
28,1.05154,44.3515,0,0
1691,1.01538,40.2572,0,0
1586,0.98946,50.2528,0,0
1555,0.975498,44.7662,-0.22451,-0.34381
1518,1.09316,41.0192,-0.36939,0.02503
1441,0.967661,38.1143,0.00125,0.00198
180,1.03964,41.7792,0,0
1359,1.02643,40.025,-0.33839,-0.23768
910,1.02392,40.2588,0,0
217,1.04244,41.6773,0,0
851,1.05191,48.7107,-0.03172,0.01828
1156,1.0043,43.0897,0,0
13,1.04701,44.8395,0,0
1224,1.00615,40.1652,-0.00296,-0.0563
680,1,50.8011,1.41304,-0.10148
1349,1.01667,40.1893,0,0
786,1,61.4758,3.8503,0.13536
716,1,49.5351,0.63764,0.19619
886,1.06754,46.8962,0,0
1322,1.07481,37.6933,-0.76753,-0.12429
1005,1.03556,37.5862,-0.06769,0.1483
1296,0.986245,49.6854,0.00191,0.00413
183,1.04538,58.1804,0,0
734,1.00375,51.6921,0,0
959,1,53.5648,0.25588,0.07313
1454,0.982295,43.5524,0,0
1337,1.05741,36.1581,-0.89936,-0.07831
936,1,53.443,0.12167,0.01362
942,0.985925,42.3642,-0.00611,-0.00262
1307,1.06264,41.7328,-0.39195,-0.15022
1031,1.04018,58.2529,-0.35892,-0.08245
1042,1.00834,40.7373,0,0
1278,0.97508,37.2904,-0.00421,0.09053
927,0.909261,60.687,0,0
661,1,65.1109,6.2018,0.74328
607,1.013,54.2888,0,0
494,1.01552,55.0761,0,0
431,1.05458,56.8559,0,0
410,1.10063,47.6663,-10.7027,-3.07404
646,1.02037,65.9534,0,0
251,1.0872,39.4908,-2.16287,-0.09018
457,1.0342,62.7022,0,0
2583,1,66.2053,0.18055,0.02171
2646,1.06398,39.2263,-0.06784,0.00449
