1725->4159,0,1,2,1,1,1725,4159,-28.9192,-2.50845,-2891.92,-250.85,,,,,,,,,,
1725->4159,0,1,2,1,1,1725,4159,-28.9192,-2.50845,-2891.92,-250.85,,,,,,,,,,
1725->1230,0,1,148,1,1,1725,1230,-3.11458,2.23278,-311.46,223.28,,,,,,,,,,
1725->1230,0,1,148,1,1,1725,1230,-3.11458,2.23278,-311.46,223.28,,,,,,,,,,
1725->3840,0,1,366,1,1,1725,3840,7.2688,-0.541939,726.88,-54.19,,,,,,,,,,
1725->3840,0,1,366,1,1,1725,3840,7.2688,-0.541939,726.88,-54.19,,,,,,,,,,
1725->1184,0,1,108,1,1,1725,1184,7.784,-0.542748,778.4,-54.27,,,,,,,,,,
1725->1184,0,1,108,1,1,1725,1184,7.784,-0.542748,778.4,-54.27,,,,,,,,,,
1725->1296,0,1,24,1,1,1725,1296,4.69383,0.0625776,469.38,6.26,,,,,,,,,,
1725->1296,0,1,24,1,1,1725,1296,4.69383,0.0625776,469.38,6.26,,,,,,,,,,
4159->365,0,2,6,1,1,4159,365,-14.4249,8.63753,-1442.49,863.75,,,,,,,,,,
4159->364,0,2,3,1,1,4159,364,-14.3889,8.5966,-1438.89,859.66,,,,,,,,,,
2286->886,0,4,15,1,1,2286,886,7.02696,6.30363,702.7,630.36,,,,,,,,,,
2286->886,0,4,15,1,1,2286,886,7.02696,6.30363,702.7,630.36,,,,,,,,,,
2286->2,0,4,5,1,1,2286,2,-7.88481,-8.30031,-788.48,-830.03,,,,,,,,,,
2286->2,0,4,5,1,1,2286,2,-7.88481,-8.30031,-788.48,-830.03,,,,,,,,,,
2286->2,0,4,5,1,1,2286,2,-7.88481,-8.30031,-788.48,-830.03,,,,,,,,,,
189->2496,0,7,8,1,1,189,2496,9.14443,-3.43112,914.44,-343.11,,,,,,,,,,
189->2496,0,7,8,1,1,189,2496,9.14443,-3.43112,914.44,-343.11,,,,,,,,,,
2496->1390,0,8,89,1,1,2496,1390,-1.14059,2.05656,-114.06,205.66,,,,,,,,,,
2496->1390,0,8,89,1,1,2496,1390,-1.14059,2.05656,-114.06,205.66,,,,,,,,,,
2496->3488,0,8,329,1,1,2496,3488,6.73782,-2.64535,673.78,-264.54,,,,,,,,,,
2496->3488,0,8,329,1,1,2496,3488,6.73782,-2.64535,673.78,-264.54,,,,,,,,,,
2496->240,0,8,376,1,1,2496,240,15.2385,-7.03903,1523.85,-703.9,,,,,,,,,,
2496->240,0,8,376,1,1,2496,240,15.2385,-7.03903,1523.85,-703.9,,,,,,,,,,
277->2,0,9,5,1,1,277,2,13.3814,-7.27542,1338.14,-727.54,,,,,,,,,,
277->2,0,9,5,1,1,277,2,13.3814,-7.27542,1338.14,-727.54,,,,,,,,,,
276->2,0,10,5,1,1,276,2,12.7345,-7.04517,1273.45,-704.52,,,,,,,,,,
276->2,0,10,5,1,1,276,2,12.7345,-7.04517,1273.45,-704.52,,,,,,,,,,
6186->1987,0,11,240,1,1,6186,1987,-1.79198,11.0988,-179.2,1109.88,,,,,,,,,,
6186->1987,0,11,240,1,1,6186,1987,-1.79198,11.0988,-179.2,1109.88,,,,,,,,,,
6186->2,0,11,5,1,1,6186,2,4.7481,9.64719,474.81,964.72,,,,,,,,,,
6186->2,0,11,5,1,1,6186,2,4.7481,9.64719,474.81,964.72,,,,,,,,,,
286->6186,0,12,11,1,1,286,6186,49.2145,-15.8376,4921.45,-1583.76,,,,,,,,,,
286->6186,0,12,11,1,1,286,6186,49.2145,-15.8376,4921.45,-1583.76,,,,,,,,,,
286->6186,0,12,11,1,1,286,6186,49.2145,-15.8376,4921.45,-1583.76,,,,,,,,,,
943->359,0,13,14,1,1,943,359,-7.05818,-1.70729,-705.82,-170.73,,,,,,,,,,
943->359,0,13,14,1,1,943,359,-7.05818,-1.70729,-705.82,-170.73,,,,,,,,,,
943->2800,0,13,191,1,1,943,2800,0.304569,-0.0344998,30.46,-3.45,,,,,,,,,,
943->2800,0,13,191,1,1,943,2800,0.304569,-0.0344998,30.46,-3.45,,,,,,,,,,
943->3091,0,13,47,1,1,943,3091,-1.7515,0.756997,-175.15,75.7,,,,,,,,,,
943->3091,0,13,47,1,1,943,3091,-1.7515,0.756997,-175.15,75.7,,,,,,,,,,
886->325,0,15,16,1,1,886,325,8.70199,-0.348865,870.2,-34.89,,,,,,,,,,
886->325,0,15,16,1,1,886,325,8.70199,-0.348865,870.2,-34.89,,,,,,,,,,
886->4916,0,15,423,1,1,886,4916,1.5685,1.4702,156.85,147.02,,,,,,,,,,
886->4916,0,15,423,1,1,886,4916,1.5685,1.4702,156.85,147.02,,,,,,,,,,
886->2698,0,15,266,1,1,886,2698,4.71178,2.49469,471.18,249.47,,,,,,,,,,
488->1588,0,17,18,1,1,488,1588,0.640098,-0.0959145,64.01,-9.59,,,,,,,,,,
488->4921,0,17,424,1,1,488,4921,-0.557171,-0.231175,-55.72,-23.12,,,,,,,,,,
488->4921,0,17,424,1,1,488,4921,-0.557171,-0.231175,-55.72,-23.12,,,,,,,,,,
488->6594,0,17,489,1,1,488,6594,-0.102364,0.376712,-10.24,37.67,,,,,,,,,,
488->6594,0,17,489,1,1,488,6594,-0.102364,0.376712,-10.24,37.67,,,,,,,,,,
1588->1655,0,18,103,1,1,1588,1655,0.720738,-0.0694152,72.07,-6.94,,,,,,,,,,
1588->1655,0,18,103,1,1,1588,1655,0.720738,-0.0694152,72.07,-6.94,,,,,,,,,,
1906->499,0,19,20,1,1,1906,499,-1.10505,-0.0218692,-110.51,-2.19,,,,,,,,,,
499->543,0,20,25,1,1,499,543,-1.44651,0.246029,-144.65,24.6,,,,,,,,,,
1921->2056,0,21,22,1,1,1921,2056,-0.893762,-0.00475426,-89.38,-0.48,,,,,,,,,,
1921->3595,0,21,338,1,1,1921,3595,0.328142,0.246422,32.81,24.64,,,,,,,,,,
1921->616,0,21,90,1,1,1921,616,-0.230241,-0.101561,-23.02,-10.16,,,,,,,,,,
1921->3212,0,21,84,1,1,1921,3212,-0.940377,-0.0797179,-94.04,-7.97,,,,,,,,,,
1921->3040,0,21,273,1,1,1921,3040,2.07041,-0.0837789,207.04,-8.38,,,,,,,,,,
1921->3040,0,21,273,1,1,1921,3040,2.07041,-0.0837789,207.04,-8.38,,,,,,,,,,
1154->2800,0,23,191,1,1,1154,2800,-0.476632,-0.00585003,-47.66,-0.59,,,,,,,,,,
1154->1296,0,23,24,1,1,1154,1296,0.476691,0.00585712,47.67,0.59,,,,,,,,,,
1296->2698,0,24,266,1,1,1296,2698,0.904869,2.1739,90.49,217.39,,,,,,,,,,
1296->943,0,24,13,1,1,1296,943,-2.20036,-1.43945,-220.04,-143.95,,,,,,,,,,
1296->943,0,24,13,1,1,1296,943,-2.20036,-1.43945,-220.04,-143.95,,,,,,,,,,
543->3698,0,25,350,1,1,543,3698,0.722328,-0.265038,72.23,-26.5,,,,,,,,,,
2146->543,0,26,25,1,1,2146,543,-2.21025,0.349529,-221.03,34.95,,,,,,,,,,
2146->543,0,26,25,1,1,2146,543,-2.21025,0.349529,-221.03,34.95,,,,,,,,,,
2146->1906,0,26,19,1,1,2146,1906,0.886034,0.229065,88.6,22.91,,,,,,,,,,
2146->3588,0,26,335,1,1,2146,3588,0.305276,-0.15759,30.53,-15.76,,,,,,,,,,
580->3698,0,27,350,1,1,580,3698,0.674476,-0.218951,67.45,-21.9,,,,,,,,,,
580->10700,0,27,644,1,1,580,10700,-0.00141948,-0.0155216,-0.14,-1.55,,,,,,,,,,
580->499,0,27,20,1,1,580,499,-0.152236,0.19475,-15.22,19.48,,,,,,,,,,
580->10668,0,27,639,1,1,580,10668,-0.00153517,-0.0633731,-0.15,-6.34,,,,,,,,,,
1767->600,0,28,56,1,1,1767,600,0.74776,-0.338762,74.78,-33.88,,,,,,,,,,
1767->6828,0,28,529,1,1,1767,6828,0.000674052,-0.0638089,0.07,-6.38,,,,,,,,,,
1767->580,0,28,27,1,1,1767,580,-0.276614,-0.00802289,-27.66,-0.8,,,,,,,,,,
1767->10669,0,28,637,1,1,1767,10669,0.00202339,-0.15114,0.2,-15.11,,,,,,,,,,
1374->3680,0,29,344,1,1,1374,3680,0.378058,-0.597823,37.81,-59.78,,,,,,,,,,
1374->3680,0,29,344,1,1,1374,3680,0.378058,-0.597823,37.81,-59.78,,,,,,,,,,
1374->687,0,29,30,1,1,1374,687,-1.68081,0.740479,-168.08,74.05,,,,,,,,,,
1374->687,0,29,30,1,1,1374,687,-1.68081,0.740479,-168.08,74.05,,,,,,,,,,
1374->687,0,29,30,1,1,1374,687,-1.68081,0.740479,-168.08,74.05,,,,,,,,,,
687->5758,0,30,471,1,1,687,5758,0.468097,-0.162052,46.81,-16.21,,,,,,,,,,
687->1814,0,30,146,1,1,687,1814,-0.611574,0.00673805,-61.16,0.67,,,,,,,,,,
1559->1778,0,31,160,1,1,1559,1778,-3.59011,-0.0794371,-359.01,-7.94,,,,,,,,,,
1559->1778,0,31,160,1,1,1559,1778,-3.59011,-0.0794371,-359.01,-7.94,,,,,,,,,,
1559->10904,0,31,142,1,1,1559,10904,-1.62872,0.144499,-162.87,14.45,,,,,,,,,,
1559->555,0,31,32,1,1,1559,555,-0.769624,0.174449,-76.96,17.44,,,,,,,,,,
1559->1135,0,31,143,1,1,1559,1135,-0.208923,-0.0914417,-20.89,-9.14,,,,,,,,,,
1559->597,0,31,65,1,1,1559,597,-0.699686,-0.0830568,-69.97,-8.31,,,,,,,,,,
1956->467,0,33,131,1,1,1956,467,-0.797091,-0.804052,-79.71,-80.41,,,,,,,,,,
1956->687,0,33,30,1,1,1956,687,-1.32974,0.0692012,-132.97,6.92,,,,,,,,,,
10910->687,0,34,30,1,1,10910,687,-2.10298,-0.533868,-210.3,-53.39,,,,,,,,,,
10910->687,0,34,30,1,1,10910,687,-2.10298,-0.533868,-210.3,-53.39,,,,,,,,,,
10905->784,0,35,36,1,1,10905,784,-5.85799,1.07811,-585.8,107.81,,,,,,,,,,
10905->1390,0,35,89,1,1,10905,1390,5.85773,-1.07805,585.77,-107.81,,,,,,,,,,
784->3955,0,36,386,1,1,784,3955,10.0562,-2.03656,1005.62,-203.66,,,,,,,,,,
784->3955,0,36,386,1,1,784,3955,10.0562,-2.03656,1005.62,-203.66,,,,,,,,,,
1517->784,0,37,36,1,1,1517,784,-5.50556,0.0491429,-550.56,4.91,,,,,,,,,,
1517->3989,0,37,388,1,1,1517,3989,2.57122,-1.36454,257.12,-136.45,,,,,,,,,,
1517->3989,0,37,388,1,1,1517,3989,2.57122,-1.36454,257.12,-136.45,,,,,,,,,,
843->1090,0,38,39,1,1,843,1090,1.68426,-0.181617,168.43,-18.16,,,,,,,,,,
846->1456,0,40,41,1,1,846,1456,1.78428,-0.463329,178.43,-46.33,,,,,,,,,,
846->1090,0,40,39,1,1,846,1090,0.528672,0.18893,52.87,18.89,,,,,,,,,,
1456->3055,0,41,274,1,1,1456,3055,2.51626,0.718346,251.63,71.83,,,,,,,,,,
1456->3055,0,41,274,1,1,1456,3055,2.51626,0.718346,251.63,71.83,,,,,,,,,,
1456->3827,0,41,365,1,1,1456,3827,1.81802,-0.551474,181.8,-55.15,,,,,,,,,,
1456->3827,0,41,365,1,1,1456,3827,1.81802,-0.551474,181.8,-55.15,,,,,,,,,,
1382->4882,0,42,418,1,1,1382,4882,1.08898,-0.867955,108.9,-86.8,,,,,,,,,,
1382->10902,0,42,43,1,1,1382,10902,-1.95647,0.908888,-195.65,90.89,,,,,,,,,,
3313->2250,0,44,130,1,1,3313,2250,9.78E-06,-0.00799388,0,-0.8,,,,,,,,,,
3313->846,0,44,40,1,1,3313,846,0.100333,-0.122579,10.03,-12.26,,,,,,,,,,
3313->843,0,44,38,1,1,3313,843,-0.517081,0.110831,-51.71,11.08,,,,,,,,,,
857->623,0,45,46,1,1,857,623,-0.615922,-0.0405177,-61.59,-4.05,,,,,,,,,,
857->623,0,45,46,1,1,857,623,-0.615922,-0.0405177,-61.59,-4.05,,,,,,,,,,
857->2542,0,45,209,1,1,857,2542,0.513494,-0.00365663,51.35,-0.37,,,,,,,,,,
857->2542,0,45,209,1,1,857,2542,0.513494,-0.00365663,51.35,-0.37,,,,,,,,,,
1637->884,0,48,49,1,1,1637,884,-0.737824,0.114569,-73.78,11.46,,,,,,,,,,
1637->2369,0,48,213,1,1,1637,2369,-0.42215,-0.0299338,-42.22,-2.99,,,,,,,,,,
1637->580,0,48,27,1,1,1637,580,1.70653,-0.264551,170.65,-26.46,,,,,,,,,,
1637->580,0,48,27,1,1,1637,580,1.70653,-0.264551,170.65,-26.46,,,,,,,,,,
884->10407,0,49,632,1,1,884,10407,-0.0935837,0.008173,-9.36,0.82,,,,,,,,,,
1754->517,0,50,51,1,1,1754,517,-0.197201,0.0108619,-19.72,1.09,,,,,,,,,,
1754->467,0,50,131,1,1,1754,467,-0.727424,0.0784659,-72.74,7.85,,,,,,,,,,
1754->467,0,50,131,1,1,1754,467,-0.727424,0.0784659,-72.74,7.85,,,,,,,,,,
1000->10367,0,52,629,1,1,1000,10367,0.0221745,-0.287738,2.22,-28.77,,,,,,,,,,
1000->10367,0,52,629,1,1,1000,10367,0.0221745,-0.287738,2.22,-28.77,,,,,,,,,,
1000->570,0,52,53,1,1,1000,570,3.33089,-0.127864,333.09,-12.79,,,,,,,,,,
1000->570,0,52,53,1,1,1000,570,3.33089,-0.127864,333.09,-12.79,,,,,,,,,,
1000->3705,0,52,351,1,1,1000,3705,2.78745,-0.351625,278.75,-35.16,,,,,,,,,,
1000->3705,0,52,351,1,1,1000,3705,2.78745,-0.351625,278.75,-35.16,,,,,,,,,,
1000->9610,0,52,601,1,1,1000,9610,1.82908,-0.00604103,182.91,-0.6,,,,,,,,,,
1000->9610,0,52,601,1,1,1000,9610,1.82908,-0.00604103,182.91,-0.6,,,,,,,,,,
1000->3894,0,52,374,1,1,1000,3894,0.870585,0.24486,87.06,24.49,,,,,,,,,,
1000->1959,0,52,54,1,1,1000,1959,2.10695,0.503249,210.7,50.32,,,,,,,,,,
1000->1959,0,52,54,1,1,1000,1959,2.10695,0.503249,210.7,50.32,,,,,,,,,,
570->4094,0,53,400,1,1,570,4094,0.233385,-0.474078,23.34,-47.41,,,,,,,,,,
570->4094,0,53,400,1,1,570,4094,0.233385,-0.474078,23.34,-47.41,,,,,,,,,,
1039->3332,0,55,61,1,1,1039,3332,0.133208,0.021535,13.32,2.15,,,,,,,,,,
1039->600,0,55,56,1,1,1039,600,0.483243,-0.0551773,48.32,-5.52,,,,,,,,,,
1039->2452,0,55,247,1,1,1039,2452,1.43913,-0.554634,143.91,-55.46,,,,,,,,,,
1039->1767,0,55,28,1,1,1039,1767,-0.313297,0.247319,-31.33,24.73,,,,,,,,,,
1177->548,0,57,77,1,1,1177,548,-2.06895,0.536897,-206.9,53.69,,,,,,,,,,
1177->548,0,57,77,1,1,1177,548,-2.06895,0.536897,-206.9,53.69,,,,,,,,,,
1177->1031,0,57,58,1,1,1177,1031,1.25545,-0.688031,125.55,-68.8,,,,,,,,,,
1177->1031,0,57,58,1,1,1177,1031,1.25545,-0.688031,125.55,-68.8,,,,,,,,,,
1031->427,0,58,95,1,1,1031,427,0.423542,-0.42852,42.35,-42.85,,,,,,,,,,
1031->427,0,58,95,1,1,1031,427,0.423542,-0.42852,42.35,-42.85,,,,,,,,,,
1233->3360,0,59,321,1,1,1233,3360,1.53711,-0.310975,153.71,-31.1,,,,,,,,,,
1233->979,0,59,63,1,1,1233,979,-0.268055,-0.00745178,-26.81,-0.75,,,,,,,,,,
1233->6877,0,59,531,1,1,1233,6877,0.0682108,-0.180423,6.82,-18.04,,,,,,,,,,
1233->6877,0,59,531,1,1,1233,6877,0.0682108,-0.180423,6.82,-18.04,,,,,,,,,,
1233->1028,0,59,60,1,1,1233,1028,-0.364646,0.00591958,-36.46,0.59,,,,,,,,,,
3426->474,0,62,96,1,1,3426,474,0.502925,-0.165849,50.29,-16.58,,,,,,,,,,
3426->1000,0,62,52,1,1,3426,1000,-1.74915,1.30718,-174.92,130.72,,,,,,,,,,
3426->1000,0,62,52,1,1,3426,1000,-1.74915,1.30718,-174.92,130.72,,,,,,,,,,
3426->10898,0,62,97,1,1,3426,10898,0.442264,-0.161648,44.23,-16.16,,,,,,,,,,
3284->3360,0,64,321,1,1,3284,3360,0.989537,-0.275109,98.95,-27.51,,,,,,,,,,
3284->1761,0,64,177,1,1,3284,1761,-0.766403,0.350956,-76.64,35.1,,,,,,,,,,
3284->1233,0,64,59,1,1,3284,1233,0.550086,-0.245924,55.01,-24.59,,,,,,,,,,
2213->981,0,66,137,1,1,2213,981,2.13108,-0.406175,213.11,-40.62,,,,,,,,,,
2213->981,0,66,137,1,1,2213,981,2.13108,-0.406175,213.11,-40.62,,,,,,,,,,
2213->1343,0,66,159,1,1,2213,1343,-1.63747,-0.352915,-163.75,-35.29,,,,,,,,,,
2213->1343,0,66,159,1,1,2213,1343,-1.63747,-0.352915,-163.75,-35.29,,,,,,,,,,
2213->1090,0,66,39,1,1,2213,1090,-0.80458,0.57418,-80.46,57.42,,,,,,,,,,
2213->1090,0,66,39,1,1,2213,1090,-0.80458,0.57418,-80.46,57.42,,,,,,,,,,
1157->1131,0,67,68,1,1,1157,1131,-0.840151,0.27654,-84.02,27.65,,,,,,,,,,
1157->1889,0,67,117,1,1,1157,1889,-0.810744,0.262086,-81.07,26.21,,,,,,,,,,
1204->1157,0,69,67,1,1,1204,1157,-0.013249,0.590161,-1.32,59.02,,,,,,,,,,
1204->1157,0,69,67,1,1,1204,1157,-0.013249,0.590161,-1.32,59.02,,,,,,,,,,
2047->2831,0,70,193,1,1,2047,2831,0.283972,-0.173748,28.4,-17.37,,,,,,,,,,
2047->2831,0,70,193,1,1,2047,2831,0.283972,-0.173748,28.4,-17.37,,,,,,,,,,
2047->1147,0,70,71,1,1,2047,1147,0.611061,0.109737,61.11,10.97,,,,,,,,,,
2047->1147,0,70,71,1,1,2047,1147,0.611061,0.109737,61.11,10.97,,,,,,,,,,
2047->10228,0,70,620,1,1,2047,10228,0.220655,-0.143326,22.07,-14.33,,,,,,,,,,
2047->10228,0,70,620,1,1,2047,10228,0.220655,-0.143326,22.07,-14.33,,,,,,,,,,
1264->3202,0,72,287,1,1,1264,3202,0.323766,0.000820918,32.38,0.08,,,,,,,,,,
1264->1173,0,72,73,1,1,1264,1173,-0.808443,0.175677,-80.84,17.57,,,,,,,,,,
1189->7610,0,74,548,1,1,1189,7610,1.50486,-0.741235,150.49,-74.12,,,,,,,,,,
1189->7610,0,74,548,1,1,1189,7610,1.50486,-0.741235,150.49,-74.12,,,,,,,,,,
1189->3715,0,74,354,1,1,1189,3715,3.63688,0.21136,363.69,21.14,,,,,,,,,,
1189->3715,0,74,354,1,1,1189,3715,3.63688,0.21136,363.69,21.14,,,,,,,,,,
1189->667,0,74,76,1,1,1189,667,0.195893,-0.0556483,19.59,-5.56,,,,,,,,,,
1189->6628,0,74,498,1,1,1189,6628,-1.06425,0.706778,-106.43,70.68,,,,,,,,,,
1189->6628,0,74,498,1,1,1189,6628,-1.06425,0.706778,-106.43,70.68,,,,,,,,,,
1189->507,0,74,75,1,1,1189,507,0.345206,-0.305399,34.52,-30.54,,,,,,,,,,
1189->3350,0,74,317,1,1,1189,3350,1.75648,0.308271,175.65,30.83,,,,,,,,,,
1189->3350,0,74,317,1,1,1189,3350,1.75648,0.308271,175.65,30.83,,,,,,,,,,
507->607,0,75,94,1,1,507,607,2.64783,0.0825063,264.78,8.25,,,,,,,,,,
507->607,0,75,94,1,1,507,607,2.64783,0.0825063,264.78,8.25,,,,,,,,,,
507->2940,0,75,316,1,1,507,2940,-5.02173,-0.804217,-502.17,-80.42,,,,,,,,,,
507->2940,0,75,316,1,1,507,2940,-5.02173,-0.804217,-502.17,-80.42,,,,,,,,,,
3227->678,0,78,153,1,1,3227,678,0.00159891,-0.00363747,0.16,-0.36,,,,,,,,,,
3227->1221,0,78,149,1,1,3227,1221,0.00999396,-0.224449,1,-22.44,,,,,,,,,,
3227->1189,0,78,74,1,1,3227,1189,-1.38293,-0.165217,-138.29,-16.52,,,,,,,,,,
2190->8551,0,79,581,1,1,2190,8551,1.13135,-0.681533,113.14,-68.15,,,,,,,,,,
2190->8551,0,79,581,1,1,2190,8551,1.13135,-0.681533,113.14,-68.15,,,,,,,,,,
2190->2659,0,79,276,1,1,2190,2659,1.76591,-0.512892,176.59,-51.29,,,,,,,,,,
2190->1189,0,79,74,1,1,2190,1189,-3.92408,1.15214,-392.41,115.21,,,,,,,,,,
2190->1189,0,79,74,1,1,2190,1189,-3.92408,1.15214,-392.41,115.21,,,,,,,,,,
1403->10913,0,80,228,1,1,1403,10913,-0.489397,0.0783418,-48.94,7.83,,,,,,,,,,
1403->2363,0,80,204,1,1,1403,2363,-0.523747,0.0901151,-52.37,9.01,,,,,,,,,,
1403->1264,0,80,72,1,1,1403,1264,-0.222839,0.0722076,-22.28,7.22,,,,,,,,,,
1403->1264,0,80,72,1,1,1403,1264,-0.222839,0.0722076,-22.28,7.22,,,,,,,,,,
1403->2153,0,80,401,1,1,1403,2153,-0.000254822,-0.172984,-0.03,-17.3,,,,,,,,,,
1403->10912,0,80,339,1,1,1403,10912,-0.278507,0.017341,-27.85,1.73,,,,,,,,,,
1638->1284,0,81,82,1,1,1638,1284,-0.522948,0.0298008,-52.29,2.98,,,,,,,,,,
1284->4061,0,82,396,1,1,1284,4061,0.241678,-0.186305,24.17,-18.63,,,,,,,,,,
1284->4061,0,82,396,1,1,1284,4061,0.241678,-0.186305,24.17,-18.63,,,,,,,,,,
1662->1284,0,83,82,1,1,1662,1284,-1.87455,0.324186,-187.46,32.42,,,,,,,,,,
1662->1284,0,83,82,1,1,1662,1284,-1.87455,0.324186,-187.46,32.42,,,,,,,,,,
1662->804,0,83,104,1,1,1662,804,2.85202,-0.371916,285.2,-37.19,,,,,,,,,,
1662->804,0,83,104,1,1,1662,804,2.85202,-0.371916,285.2,-37.19,,,,,,,,,,
1662->1809,0,83,113,1,1,1662,1809,-2.03313,-0.00399922,-203.31,-0.4,,,,,,,,,,
1662->1809,0,83,113,1,1,1662,1809,-2.03313,-0.00399922,-203.31,-0.4,,,,,,,,,,
2243->1293,0,85,171,1,1,2243,1293,1.25558,-0.0742696,125.56,-7.43,,,,,,,,,,
2243->1652,0,85,86,1,1,2243,1652,-0.604532,0.0173389,-60.45,1.73,,,,,,,,,,
1711->777,0,87,88,1,1,1711,777,1.7156,0.434075,171.56,43.41,,,,,,,,,,
777->825,0,88,220,1,1,777,825,-1.20697,-0.493984,-120.7,-49.4,,,,,,,,,,
777->3623,0,88,341,1,1,777,3623,0.939953,0.337612,94,33.76,,,,,,,,,,
777->636,0,88,170,1,1,777,636,-0.399764,-0.285428,-39.98,-28.54,,,,,,,,,,
1390->886,0,89,15,1,1,1390,886,11.8456,-2.12089,1184.56,-212.09,,,,,,,,,,
1390->886,0,89,15,1,1,1390,886,11.8456,-2.12089,1184.56,-212.09,,,,,,,,,,
1390->1328,0,89,150,1,1,1390,1328,4.39596,-0.740028,439.6,-74,,,,,,,,,,
1793->6688,0,91,501,1,1,1793,6688,-0.327204,-0.156142,-32.72,-15.61,,,,,,,,,,
1793->1467,0,91,92,1,1,1793,1467,1.1226,0.347108,112.26,34.71,,,,,,,,,,
1479->607,0,93,94,1,1,1479,607,-1.83206,0.00457555,-183.21,0.46,,,,,,,,,,
1479->607,0,93,94,1,1,1479,607,-1.83206,0.00457555,-183.21,0.46,,,,,,,,,,
607->7610,0,94,548,1,1,607,7610,-0.742825,0.557631,-74.28,55.76,,,,,,,,,,
607->7610,0,94,548,1,1,607,7610,-0.742825,0.557631,-74.28,55.76,,,,,,,,,,
607->10926,0,94,416,1,1,607,10926,0.0479673,-0.0595088,4.8,-5.95,,,,,,,,,,
607->4054,0,94,395,1,1,607,4054,0.0153393,-0.289838,1.53,-28.98,,,,,,,,,,
607->4054,0,94,395,1,1,607,4054,0.0153393,-0.289838,1.53,-28.98,,,,,,,,,,
427->9964,0,95,605,1,1,427,9964,-0.161148,-0.127287,-16.11,-12.73,,,,,,,,,,
427->9964,0,95,605,1,1,427,9964,-0.161148,-0.127287,-16.11,-12.73,,,,,,,,,,
1520->2735,0,98,264,1,1,1520,2735,0.506433,0.171736,50.64,17.17,,,,,,,,,,
1520->1214,0,98,99,1,1,1520,1214,0.129197,-0.0709818,12.92,-7.1,,,,,,,,,,
1520->1214,0,98,99,1,1,1520,1214,0.129197,-0.0709818,12.92,-7.1,,,,,,,,,,
1520->1467,0,98,92,1,1,1520,1467,-0.903094,-0.443809,-90.31,-44.38,,,,,,,,,,
1520->1467,0,98,92,1,1,1520,1467,-0.903094,-0.443809,-90.31,-44.38,,,,,,,,,,
1551->1097,0,100,141,1,1,1551,1097,-4.7474,-0.0621508,-474.74,-6.22,,,,,,,,,,
1551->1097,0,100,141,1,1,1551,1097,-4.7474,-0.0621508,-474.74,-6.22,,,,,,,,,,
1551->2020,0,100,101,1,1,1551,2020,13.8497,-3.74381,1384.97,-374.38,,,,,,,,,,
1551->2020,0,100,101,1,1,1551,2020,13.8497,-3.74381,1384.97,-374.38,,,,,,,,,,
1551->2020,0,100,101,1,1,1551,2020,13.8497,-3.74381,1384.97,-374.38,,,,,,,,,,
1551->2020,0,100,101,1,1,1551,2020,13.8497,-3.74381,1384.97,-374.38,,,,,,,,,,
2020->995,0,101,185,1,1,2020,995,14.8809,-0.939681,1488.09,-93.97,,,,,,,,,,
2020->995,0,101,185,1,1,2020,995,14.8809,-0.939681,1488.09,-93.97,,,,,,,,,,
2020->1603,0,101,119,1,1,2020,1603,13.5676,-1.13556,1356.76,-113.56,,,,,,,,,,
2020->1603,0,101,119,1,1,2020,1603,13.5676,-1.13556,1356.76,-113.56,,,,,,,,,,
2073->1520,0,102,98,1,1,2073,1520,-1.86106,-0.198232,-186.11,-19.82,,,,,,,,,,
2073->1520,0,102,98,1,1,2073,1520,-1.86106,-0.198232,-186.11,-19.82,,,,,,,,,,
1655->868,0,103,105,1,1,1655,868,0.358523,-0.0982593,35.85,-9.83,,,,,,,,,,
1655->868,0,103,105,1,1,1655,868,0.358523,-0.0982593,35.85,-9.83,,,,,,,,,,
1820->1645,0,106,107,1,1,1820,1645,-0.247859,-0.0458352,-24.79,-4.58,,,,,,,,,,
1820->2567,0,106,214,1,1,1820,2567,-0.313583,0.0186486,-31.36,1.86,,,,,,,,,,
1820->2567,0,106,214,1,1,1820,2567,-0.313583,0.0186486,-31.36,1.86,,,,,,,,,,
1730->6826,0,109,520,1,1,1730,6826,-0.000827706,-0.0570934,-0.08,-5.71,,,,,,,,,,
1730->1271,0,109,110,1,1,1730,1271,3.21588,0.0715672,321.59,7.16,,,,,,,,,,
1730->1271,0,109,110,1,1,1730,1271,3.21588,0.0715672,321.59,7.16,,,,,,,,,,
1843->791,0,111,114,1,1,1843,791,0.524576,0.0674631,52.46,6.75,,,,,,,,,,
1843->1730,0,111,109,1,1,1843,1730,-1.64337,0.42296,-164.34,42.3,,,,,,,,,,
1596->1809,0,112,113,1,1,1596,1809,-3.03318,0.770534,-303.32,77.05,,,,,,,,,,
1596->1809,0,112,113,1,1,1596,1809,-3.03318,0.770534,-303.32,77.05,,,,,,,,,,
3378->3184,0,115,124,1,1,3378,3184,0.0183155,-0.896526,1.83,-89.65,,,,,,,,,,
3378->3184,0,115,124,1,1,3378,3184,0.0183155,-0.896526,1.83,-89.65,,,,,,,,,,
3378->1596,0,115,112,1,1,3378,1596,-2.01931,0.799679,-201.93,79.97,,,,,,,,,,
3378->1596,0,115,112,1,1,3378,1596,-2.01931,0.799679,-201.93,79.97,,,,,,,,,,
3378->722,0,115,181,1,1,3378,722,1.10909,-0.252403,110.91,-25.24,,,,,,,,,,
10908->1131,0,116,68,1,1,10908,1131,7.64E-08,-3.72E-08,0,0,,,,,,,,,,
459->5320,0,118,465,1,1,459,5320,-0.833503,-0.393872,-83.35,-39.39,,,,,,,,,,
459->5320,0,118,465,1,1,459,5320,-0.833503,-0.393872,-83.35,-39.39,,,,,,,,,,
459->1271,0,118,110,1,1,459,1271,-1.37087,0.519313,-137.09,51.93,,,,,,,,,,
459->1271,0,118,110,1,1,459,1271,-1.37087,0.519313,-137.09,51.93,,,,,,,,,,
1603->630,0,119,155,1,1,1603,630,11.693,-0.45681,1169.3,-45.68,,,,,,,,,,
1603->630,0,119,155,1,1,1603,630,11.693,-0.45681,1169.3,-45.68,,,,,,,,,,
531->1069,0,120,121,1,1,531,1069,-0.771237,0.0832365,-77.12,8.32,,,,,,,,,,
531->10188,0,120,619,1,1,531,10188,-0.392579,-0.0807761,-39.26,-8.08,,,,,,,,,,
531->10188,0,120,619,1,1,531,10188,-0.392579,-0.0807761,-39.26,-8.08,,,,,,,,,,
1505->3371,0,122,320,1,1,1505,3371,0.399728,0.0827591,39.97,8.28,,,,,,,,,,
1505->2073,0,122,102,1,1,1505,2073,-0.938152,-0.00949955,-93.82,-0.95,,,,,,,,,,
1505->2073,0,122,102,1,1,1505,2073,-0.938152,-0.00949955,-93.82,-0.95,,,,,,,,,,
2102->6621,0,123,497,1,1,2102,6621,0.768682,-0.194243,76.87,-19.42,,,,,,,,,,
2102->1271,0,123,110,1,1,2102,1271,-0.470262,-0.462315,-47.03,-46.23,,,,,,,,,,
2102->1271,0,123,110,1,1,2102,1271,-0.470262,-0.462315,-47.03,-46.23,,,,,,,,,,
2102->2824,0,123,190,1,1,2102,2824,1.01762,-0.205935,101.76,-20.59,,,,,,,,,,
2102->520,0,123,132,1,1,2102,520,-1.46967,0.299731,-146.97,29.97,,,,,,,,,,
2102->2452,0,123,247,1,1,2102,2452,-1.36289,0.501392,-136.29,50.14,,,,,,,,,,
2102->2452,0,123,247,1,1,2102,2452,-1.36289,0.501392,-136.29,50.14,,,,,,,,,,
3184->1051,0,124,125,1,1,3184,1051,0.799067,0.0645308,79.91,6.45,,,,,,,,,,
3184->1051,0,124,125,1,1,3184,1051,0.799067,0.0645308,79.91,6.45,,,,,,,,,,
3184->1655,0,124,103,1,1,3184,1655,0.692646,-0.0464286,69.26,-4.64,,,,,,,,,,
3184->8801,0,124,590,1,1,3184,8801,-1.1036,-0.601141,-110.36,-60.11,,,,,,,,,,
3184->8801,0,124,590,1,1,3184,8801,-1.1036,-0.601141,-110.36,-60.11,,,,,,,,,,
3184->891,0,124,289,1,1,3184,891,-0.908475,-0.389505,-90.85,-38.95,,,,,,,,,,
1124->777,0,126,88,1,1,1124,777,0.106661,0.304751,10.67,30.48,,,,,,,,,,
1124->777,0,126,88,1,1,1124,777,0.106661,0.304751,10.67,30.48,,,,,,,,,,
1124->5189,0,126,454,1,1,1124,5189,0.0247099,-0.0623512,2.47,-6.24,,,,,,,,,,
1124->636,0,126,170,1,1,1124,636,-2.06576,-0.674704,-206.58,-67.47,,,,,,,,,,
1124->636,0,126,170,1,1,1124,636,-2.06576,-0.674704,-206.58,-67.47,,,,,,,,,,
2142->555,0,127,32,1,1,2142,555,0.330986,-0.0716514,33.1,-7.17,,,,,,,,,,
2135->2287,0,128,136,1,1,2135,2287,-2.6257,0.312818,-262.57,31.28,,,,,,,,,,
2135->2287,0,128,136,1,1,2135,2287,-2.6257,0.312818,-262.57,31.28,,,,,,,,,,
2135->2912,0,128,196,1,1,2135,2912,-0.0609424,-0.480674,-6.09,-48.07,,,,,,,,,,
2135->2912,0,128,196,1,1,2135,2912,-0.0609424,-0.480674,-6.09,-48.07,,,,,,,,,,
2135->1147,0,128,71,1,1,2135,1147,1.46314,0.0956403,146.31,9.56,,,,,,,,,,
2135->1147,0,128,71,1,1,2135,1147,1.46314,0.0956403,146.31,9.56,,,,,,,,,,
2168->459,0,129,118,1,1,2168,459,0.484585,0.104119,48.46,10.41,,,,,,,,,,
2168->459,0,129,118,1,1,2168,459,0.484585,0.104119,48.46,10.41,,,,,,,,,,
467->687,0,131,30,1,1,467,687,-2.65448,0.236371,-265.45,23.64,,,,,,,,,,
467->687,0,131,30,1,1,467,687,-2.65448,0.236371,-265.45,23.64,,,,,,,,,,
1781->1491,0,133,134,1,1,1781,1491,0.151896,0.0322362,15.19,3.22,,,,,,,,,,
812->2287,0,135,136,1,1,812,2287,3.29794,-0.508732,329.79,-50.87,,,,,,,,,,
812->2287,0,135,136,1,1,812,2287,3.29794,-0.508732,329.79,-50.87,,,,,,,,,,
812->2287,0,135,136,1,1,812,2287,3.29794,-0.508732,329.79,-50.87,,,,,,,,,,
2287->6849,0,136,525,1,1,2287,6849,1.1471,0.0501108,114.71,5.01,,,,,,,,,,
2287->6849,0,136,525,1,1,2287,6849,1.1471,0.0501108,114.71,5.01,,,,,,,,,,
2287->2047,0,136,70,1,1,2287,2047,2.33971,-0.0406152,233.97,-4.06,,,,,,,,,,
2287->2047,0,136,70,1,1,2287,2047,2.33971,-0.0406152,233.97,-4.06,,,,,,,,,,
981->804,0,137,104,1,1,981,804,1.12833,-0.278876,112.83,-27.89,,,,,,,,,,
981->804,0,137,104,1,1,981,804,1.12833,-0.278876,112.83,-27.89,,,,,,,,,,
1321->818,0,138,139,1,1,1321,818,-1.88582,-0.0394705,-188.58,-3.95,,,,,,,,,,
818->988,0,139,198,1,1,818,988,0.742047,-0.134695,74.2,-13.47,,,,,,,,,,
818->988,0,139,198,1,1,818,988,0.742047,-0.134695,74.2,-13.47,,,,,,,,,,
818->2824,0,139,190,1,1,818,2824,-1.66385,-0.209845,-166.39,-20.98,,,,,,,,,,
818->2824,0,139,190,1,1,818,2824,-1.66385,-0.209845,-166.39,-20.98,,,,,,,,,,
944->623,0,140,46,1,1,944,623,1.8938,0.186472,189.38,18.65,,,,,,,,,,
944->623,0,140,46,1,1,944,623,1.8938,0.186472,189.38,18.65,,,,,,,,,,
944->2581,0,140,230,1,1,944,2581,1.36163,0.139407,136.16,13.94,,,,,,,,,,
944->2581,0,140,230,1,1,944,2581,1.36163,0.139407,136.16,13.94,,,,,,,,,,
944->4082,0,140,399,1,1,944,4082,0.469932,0.145756,46.99,14.58,,,,,,,,,,
944->4082,0,140,399,1,1,944,4082,0.469932,0.145756,46.99,14.58,,,,,,,,,,
1786->2802,0,144,206,1,1,1786,2802,-3.54327,-0.248007,-354.33,-24.8,,,,,,,,,,
1786->2802,0,144,206,1,1,1786,2802,-3.54327,-0.248007,-354.33,-24.8,,,,,,,,,,
1786->2535,0,144,184,1,1,1786,2535,-0.427875,-0.0866469,-42.79,-8.66,,,,,,,,,,
1786->2535,0,144,184,1,1,1786,2535,-0.427875,-0.0866469,-42.79,-8.66,,,,,,,,,,
1165->9118,0,145,595,1,1,1165,9118,0.917875,-0.211091,91.79,-21.11,,,,,,,,,,
1165->1786,0,145,144,1,1,1165,1786,-2.48173,-0.0272925,-248.17,-2.73,,,,,,,,,,
1165->1786,0,145,144,1,1,1165,1786,-2.48173,-0.0272925,-248.17,-2.73,,,,,,,,,,
1165->2532,0,145,180,1,1,1165,2532,0.292906,0.0617009,29.29,6.17,,,,,,,,,,
1814->937,0,146,147,1,1,1814,937,-0.296111,0.0311156,-29.61,3.11,,,,,,,,,,
1221->2644,0,149,272,1,1,1221,2644,0.0820617,-0.497128,8.21,-49.71,,,,,,,,,,
1221->2644,0,149,272,1,1,1221,2644,0.0820617,-0.497128,8.21,-49.71,,,,,,,,,,
1328->685,0,150,224,1,1,1328,685,14.1224,0.493955,1412.24,49.4,,,,,,,,,,
1328->685,0,150,224,1,1,1328,685,14.1224,0.493955,1412.24,49.4,,,,,,,,,,
1328->3433,0,150,328,1,1,1328,3433,1.36968,-4.38999,136.97,-439,,,,,,,,,,
1328->3433,0,150,328,1,1,1328,3433,1.36968,-4.38999,136.97,-439,,,,,,,,,,
2223->775,0,151,152,1,1,2223,775,-0.148043,-0.104749,-14.8,-10.47,,,,,,,,,,
2223->3556,0,151,394,1,1,2223,3556,0.790736,0.205637,79.07,20.56,,,,,,,,,,
1102->1491,0,154,134,1,1,1102,1491,-1.0096,0.13092,-100.96,13.09,,,,,,,,,,
1102->2318,0,154,172,1,1,1102,2318,-1.10222,0.179809,-110.22,17.98,,,,,,,,,,
1102->2334,0,154,179,1,1,1102,2334,-0.288052,-0.08128,-28.81,-8.13,,,,,,,,,,
630->3840,0,155,366,1,1,630,3840,0.743478,-0.743496,74.35,-74.35,,,,,,,,,,
630->3840,0,155,366,1,1,630,3840,0.743478,-0.743496,74.35,-74.35,,,,,,,,,,
1613->1204,0,156,69,1,1,1613,1204,4.2126,-1.62216,421.26,-162.22,,,,,,,,,,
1613->1204,0,156,69,1,1,1613,1204,4.2126,-1.62216,421.26,-162.22,,,,,,,,,,
1613->3728,0,156,356,1,1,1613,3728,2.55725,0.273901,255.73,27.39,,,,,,,,,,
1613->3728,0,156,356,1,1,1613,3728,2.55725,0.273901,255.73,27.39,,,,,,,,,,
1613->4981,0,156,436,1,1,1613,4981,0.951119,-0.0378075,95.11,-3.78,,,,,,,,,,
1613->4981,0,156,436,1,1,1613,4981,0.951119,-0.0378075,95.11,-3.78,,,,,,,,,,
1613->3419,0,156,327,1,1,1613,3419,5.15966,-1.33953,515.97,-133.95,,,,,,,,,,
1613->3419,0,156,327,1,1,1613,3419,5.15966,-1.33953,515.97,-133.95,,,,,,,,,,
1061->6628,0,157,498,1,1,1061,6628,1.98255,-0.667833,198.26,-66.78,,,,,,,,,,
1061->6628,0,157,498,1,1,1061,6628,1.98255,-0.667833,198.26,-66.78,,,,,,,,,,
1061->2176,0,157,158,1,1,1061,2176,1.36032,-0.707195,136.03,-70.72,,,,,,,,,,
1061->2176,0,157,158,1,1,1061,2176,1.36032,-0.707195,136.03,-70.72,,,,,,,,,,
2176->1189,0,158,74,1,1,2176,1189,0.36622,-0.593153,36.62,-59.32,,,,,,,,,,
2176->1189,0,158,74,1,1,2176,1189,0.36622,-0.593153,36.62,-59.32,,,,,,,,,,
1343->1284,0,159,82,1,1,1343,1284,3.45926,-0.422273,345.93,-42.23,,,,,,,,,,
1343->1284,0,159,82,1,1,1343,1284,3.45926,-0.422273,345.93,-42.23,,,,,,,,,,
1343->6845,0,159,523,1,1,1343,6845,0.00623633,-0.104268,0.62,-10.43,,,,,,,,,,
1343->2932,0,159,243,1,1,1343,2932,-0.900353,-0.0473316,-90.04,-4.73,,,,,,,,,,
1778->2372,0,160,211,1,1,1778,2372,-0.921283,-0.0698322,-92.13,-6.98,,,,,,,,,,
1778->2344,0,160,183,1,1,1778,2344,-1.4743,-0.0115448,-147.43,-1.15,,,,,,,,,,
1827->1028,0,161,60,1,1,1827,1028,0.0820459,-0.03801,8.2,-3.8,,,,,,,,,,
2015->540,0,162,163,1,1,2015,540,0.101307,0.0192752,10.13,1.93,,,,,,,,,,
540->3037,0,163,281,1,1,540,3037,0.352248,-0.029024,35.22,-2.9,,,,,,,,,,
2063->10904,0,164,142,1,1,2063,10904,1.00552,-0.0429688,100.55,-4.3,,,,,,,,,,
2062->1135,0,165,143,1,1,2062,1135,0.20936,0.0525295,20.94,5.25,,,,,,,,,,
1083->3875,0,166,368,1,1,1083,3875,0.927478,-0.0433953,92.75,-4.34,,,,,,,,,,
1083->3875,0,166,368,1,1,1083,3875,0.927478,-0.0433953,92.75,-4.34,,,,,,,,,,
1083->2210,0,166,167,1,1,1083,2210,-0.499868,0.0275525,-49.99,2.76,,,,,,,,,,
2238->630,0,168,155,1,1,2238,630,2.51201,-0.443455,251.2,-44.35,,,,,,,,,,
1704->636,0,169,170,1,1,1704,636,-3.06638,-0.449474,-306.64,-44.95,,,,,,,,,,
1704->636,0,169,170,1,1,1704,636,-3.06638,-0.449474,-306.64,-44.95,,,,,,,,,,
1704->636,0,169,170,1,1,1704,636,-3.06638,-0.449474,-306.64,-44.95,,,,,,,,,,
636->6224,0,170,480,1,1,636,6224,1.6525,0.303355,165.25,30.34,,,,,,,,,,
636->6224,0,170,480,1,1,636,6224,1.6525,0.303355,165.25,30.34,,,,,,,,,,
1293->5749,0,171,469,1,1,1293,5749,1.25256,-0.0799214,125.26,-7.99,,,,,,,,,,
1802->944,0,173,140,1,1,1802,944,-1.32588,0.0101128,-132.59,1.01,,,,,,,,,,
1802->944,0,173,140,1,1,1802,944,-1.32588,0.0101128,-132.59,1.01,,,,,,,,,,
1802->6601,0,173,492,1,1,1802,6601,0.126397,-0.0700946,12.64,-7.01,,,,,,,,,,
1802->6601,0,173,492,1,1,1802,6601,0.126397,-0.0700946,12.64,-7.01,,,,,,,,,,
1802->2542,0,173,209,1,1,1802,2542,0.15342,0.0806233,15.34,8.06,,,,,,,,,,
1802->2542,0,173,209,1,1,1802,2542,0.15342,0.0806233,15.34,8.06,,,,,,,,,,
445->3926,0,174,384,1,1,445,3926,1.94779,0.680911,194.78,68.09,,,,,,,,,,
445->5189,0,174,454,1,1,445,5189,0.402583,0.144251,40.26,14.43,,,,,,,,,,
445->636,0,174,170,1,1,445,636,-3.61146,-1.09765,-361.15,-109.77,,,,,,,,,,
445->636,0,174,170,1,1,445,636,-3.61146,-1.09765,-361.15,-109.77,,,,,,,,,,
436->3193,0,175,176,1,1,436,3193,-0.642768,0.330443,-64.28,33.04,,,,,,,,,,
436->3193,0,175,176,1,1,436,3193,-0.642768,0.330443,-64.28,33.04,,,,,,,,,,
2330->1551,0,178,100,1,1,2330,1551,2.9782,-0.00634056,297.82,-0.63,,,,,,,,,,
722->562,0,181,182,1,1,722,562,0.391544,-0.051277,39.15,-5.13,,,,,,,,,,
562->4892,0,182,420,1,1,562,4892,1.57301,0.373868,157.3,37.39,,,,,,,,,,
562->4892,0,182,420,1,1,562,4892,1.57301,0.373868,157.3,37.39,,,,,,,,,,
562->10242,0,182,623,1,1,562,10242,-1.43268,-0.410773,-143.27,-41.08,,,,,,,,,,
562->10242,0,182,623,1,1,562,10242,-1.43268,-0.410773,-143.27,-41.08,,,,,,,,,,
2535->436,0,184,175,1,1,2535,436,0.45128,-0.363611,45.13,-36.36,,,,,,,,,,
2535->436,0,184,175,1,1,2535,436,0.45128,-0.363611,45.13,-36.36,,,,,,,,,,
995->3636,0,185,342,1,1,995,3636,-15.3204,1.92374,-1532.04,192.37,,,,,,,,,,
995->3636,0,185,342,1,1,995,3636,-15.3204,1.92374,-1532.04,192.37,,,,,,,,,,
718->2535,0,186,184,1,1,718,2535,1.71366,-0.129787,171.37,-12.98,,,,,,,,,,
718->2535,0,186,184,1,1,718,2535,1.71366,-0.129787,171.37,-12.98,,,,,,,,,,
1991->548,0,187,77,1,1,1991,548,-1.2002,0.898993,-120.02,89.9,,,,,,,,,,
1991->9964,0,187,605,1,1,1991,9964,2.80029,0.632137,280.03,63.21,,,,,,,,,,
1991->9964,0,187,605,1,1,1991,9964,2.80029,0.632137,280.03,63.21,,,,,,,,,,
1991->2925,0,187,208,1,1,1991,2925,2.04456,0.126157,204.46,12.62,,,,,,,,,,
1991->2925,0,187,208,1,1,1991,2925,2.04456,0.126157,204.46,12.62,,,,,,,,,,
1991->4882,0,187,418,1,1,1991,4882,-0.518429,0.803851,-51.84,80.39,,,,,,,,,,
1991->4882,0,187,418,1,1,1991,4882,-0.518429,0.803851,-51.84,80.39,,,,,,,,,,
2024->2793,0,188,189,1,1,2024,2793,0.556636,-0.0996184,55.66,-9.96,,,,,,,,,,
2024->2479,0,188,248,1,1,2024,2479,1.06826,-0.185196,106.83,-18.52,,,,,,,,,,
2024->2479,0,188,248,1,1,2024,2479,1.06826,-0.185196,106.83,-18.52,,,,,,,,,,
2024->2721,0,188,275,1,1,2024,2721,1.0134,-0.332139,101.34,-33.21,,,,,,,,,,
2024->2721,0,188,275,1,1,2024,2721,1.0134,-0.332139,101.34,-33.21,,,,,,,,,,
2024->2683,0,188,259,1,1,2024,2683,-0.814176,0.00206807,-81.42,0.21,,,,,,,,,,
2024->2683,0,188,259,1,1,2024,2683,-0.814176,0.00206807,-81.42,0.21,,,,,,,,,,
2793->2479,0,189,248,1,1,2793,2479,-0.173302,0.0558539,-17.33,5.59,,,,,,,,,,
2793->2479,0,189,248,1,1,2793,2479,-0.173302,0.0558539,-17.33,5.59,,,,,,,,,,
2824->3868,0,190,367,1,1,2824,3868,0.0344118,-0.00335481,3.44,-0.34,,,,,,,,,,
2824->3868,0,190,367,1,1,2824,3868,0.0344118,-0.00335481,3.44,-0.34,,,,,,,,,,
2824->6825,0,190,519,1,1,2824,6825,-0.0344816,-0.0224223,-3.45,-2.24,,,,,,,,,,
2800->10418,0,191,633,1,1,2800,10418,0.00041605,0.0336236,0.04,3.36,,,,,,,,,,
2800->10418,0,191,633,1,1,2800,10418,0.00041605,0.0336236,0.04,3.36,,,,,,,,,,
2889->2831,0,192,193,1,1,2889,2831,-1.48401,0.187703,-148.4,18.77,,,,,,,,,,
2889->2831,0,192,193,1,1,2889,2831,-1.48401,0.187703,-148.4,18.77,,,,,,,,,,
2831->2287,0,193,136,1,1,2831,2287,-2.01565,0.132682,-201.57,13.27,,,,,,,,,,
2831->2287,0,193,136,1,1,2831,2287,-2.01565,0.132682,-201.57,13.27,,,,,,,,,,
452->1730,0,194,109,1,1,452,1730,-2.7178,-0.447354,-271.78,-44.74,,,,,,,,,,
452->1730,0,194,109,1,1,452,1730,-2.7178,-0.447354,-271.78,-44.74,,,,,,,,,,
452->2824,0,194,190,1,1,452,2824,1.64744,0.401751,164.74,40.18,,,,,,,,,,
2903->3926,0,195,384,1,1,2903,3926,0.0488662,0.032977,4.89,3.3,,,,,,,,,,
2903->636,0,195,170,1,1,2903,636,-0.794558,-0.214649,-79.46,-21.46,,,,,,,,,,
2903->636,0,195,170,1,1,2903,636,-0.794558,-0.214649,-79.46,-21.46,,,,,,,,,,
2912->9964,0,196,605,1,1,2912,9964,-2.19158,-0.753071,-219.16,-75.31,,,,,,,,,,
2912->9964,0,196,605,1,1,2912,9964,-2.19158,-0.753071,-219.16,-75.31,,,,,,,,,,
2352->1343,0,197,159,1,1,2352,1343,1.4713,0.12499,147.13,12.5,,,,,,,,,,
2352->2932,0,197,243,1,1,2352,2932,1.26714,0.167073,126.71,16.71,,,,,,,,,,
2355->2142,0,199,127,1,1,2355,2142,0.142684,0.0187951,14.27,1.88,,,,,,,,,,
2080->777,0,200,88,1,1,2080,777,0.283115,0.192218,28.31,19.22,,,,,,,,,,
2366->2347,0,201,202,1,1,2366,2347,-0.575887,-0.280298,-57.59,-28.03,,,,,,,,,,
2366->3556,0,201,394,1,1,2366,3556,1.08116,0.468935,108.12,46.89,,,,,,,,,,
2360->597,0,203,65,1,1,2360,597,0.358274,-0.0276576,35.83,-2.77,,,,,,,,,,
2315->2363,0,205,204,1,1,2315,2363,0.525145,-0.122174,52.51,-12.22,,,,,,,,,,
2802->3193,0,206,176,1,1,2802,3193,3.17456,-0.247869,317.46,-24.79,,,,,,,,,,
2802->3193,0,206,176,1,1,2802,3193,3.17456,-0.247869,317.46,-24.79,,,,,,,,,,
2802->4953,0,206,428,1,1,2802,4953,-3.64556,1.23237,-364.56,123.24,,,,,,,,,,
2802->4953,0,206,428,1,1,2802,4953,-3.64556,1.23237,-364.56,123.24,,,,,,,,,,
2230->2925,0,207,208,1,1,2230,2925,-1.59397,-0.38484,-159.4,-38.48,,,,,,,,,,
2230->2925,0,207,208,1,1,2230,2925,-1.59397,-0.38484,-159.4,-38.48,,,,,,,,,,
2230->427,0,207,95,1,1,2230,427,0.704366,0.276724,70.44,27.67,,,,,,,,,,
2230->427,0,207,95,1,1,2230,427,0.704366,0.276724,70.44,27.67,,,,,,,,,,
2558->944,0,210,140,1,1,2558,944,-1.24194,-0.275718,-124.19,-27.57,,,,,,,,,,
2558->944,0,210,140,1,1,2558,944,-1.24194,-0.275718,-124.19,-27.57,,,,,,,,,,
2558->7297,0,210,542,1,1,2558,7297,-1.33572,-0.0598288,-133.57,-5.98,,,,,,,,,,
2558->7297,0,210,542,1,1,2558,7297,-1.33572,-0.0598288,-133.57,-5.98,,,,,,,,,,
2372->2344,0,211,183,1,1,2372,2344,0.103719,0.0692049,10.37,6.92,,,,,,,,,,
2375->3931,0,212,391,1,1,2375,3931,0.991575,-0.0533593,99.16,-5.34,,,,,,,,,,
2066->531,0,215,120,1,1,2066,531,-0.180002,-0.0210231,-18,-2.1,,,,,,,,,,
3220->1559,0,216,31,1,1,3220,1559,-0.762561,-0.303228,-76.26,-30.32,,,,,,,,,,
3220->1559,0,216,31,1,1,3220,1559,-0.762561,-0.303228,-76.26,-30.32,,,,,,,,,,
1297->2676,0,217,262,1,1,1297,2676,1.72128,0.181466,172.13,18.15,,,,,,,,,,
1297->2676,0,217,262,1,1,1297,2676,1.72128,0.181466,172.13,18.15,,,,,,,,,,
1297->6153,0,217,478,1,1,1297,6153,1.972,-0.0804752,197.2,-8.05,,,,,,,,,,
1297->6153,0,217,478,1,1,1297,6153,1.972,-0.0804752,197.2,-8.05,,,,,,,,,,
1297->8489,0,217,572,1,1,1297,8489,2.79444,0.0952911,279.44,9.53,,,,,,,,,,
1297->8489,0,217,572,1,1,1297,8489,2.79444,0.0952911,279.44,9.53,,,,,,,,,,
1297->8489,0,217,572,1,1,1297,8489,2.79444,0.0952911,279.44,9.53,,,,,,,,,,
1297->6681,0,217,500,1,1,1297,6681,0.429173,-0.0607839,42.92,-6.08,,,,,,,,,,
1297->6681,0,217,500,1,1,1297,6681,0.429173,-0.0607839,42.92,-6.08,,,,,,,,,,
1297->2542,0,217,209,1,1,1297,2542,0.00096818,-0.258916,0.1,-25.89,,,,,,,,,,
1297->2542,0,217,209,1,1,1297,2542,0.00096818,-0.258916,0.1,-25.89,,,,,,,,,,
681->2382,0,218,219,1,1,681,2382,0.15717,0.0066059,15.72,0.66,,,,,,,,,,
825->445,0,220,174,1,1,825,445,0.193024,-0.0598997,19.3,-5.99,,,,,,,,,,
2790->2824,0,221,190,1,1,2790,2824,-0.0733739,-0.0155969,-7.34,-1.56,,,,,,,,,,
2574->1214,0,222,99,1,1,2574,1214,1.3924,0.491764,139.24,49.18,,,,,,,,,,
2574->3672,0,222,343,1,1,2574,3672,-0.0575766,0.0178376,-5.76,1.78,,,,,,,,,,
2574->3672,0,222,343,1,1,2574,3672,-0.0575766,0.0178376,-5.76,1.78,,,,,,,,,,
1369->2574,0,223,222,1,1,1369,2574,1.10721,0.176848,110.72,17.68,,,,,,,,,,
1369->2574,0,223,222,1,1,1369,2574,1.10721,0.176848,110.72,17.68,,,,,,,,,,
685->2389,0,224,225,1,1,685,2389,-26.8664,5.47107,-2686.64,547.11,,,,,,,,,,
685->2389,0,224,225,1,1,685,2389,-26.8664,5.47107,-2686.64,547.11,,,,,,,,,,
685->2389,0,224,225,1,1,685,2389,-26.8664,5.47107,-2686.64,547.11,,,,,,,,,,
685->2389,0,224,225,1,1,685,2389,-26.8664,5.47107,-2686.64,547.11,,,,,,,,,,
685->3636,0,224,342,1,1,685,3636,19.49,-1.52084,1949,-152.08,,,,,,,,,,
685->3636,0,224,342,1,1,685,3636,19.49,-1.52084,1949,-152.08,,,,,,,,,,
2599->2378,0,226,227,1,1,2599,2378,-0.798693,-0.182247,-79.87,-18.22,,,,,,,,,,
10913->2386,0,228,229,1,1,10913,2386,-0.491146,0.105481,-49.11,10.55,,,,,,,,,,
2630->972,0,231,232,1,1,2630,972,-0.459098,0.215565,-45.91,21.56,,,,,,,,,,
2630->972,0,231,232,1,1,2630,972,-0.459098,0.215565,-45.91,21.56,,,,,,,,,,
972->5062,0,232,442,1,1,972,5062,-0.28237,-0.0618311,-28.24,-6.18,,,,,,,,,,
972->5062,0,232,442,1,1,972,5062,-0.28237,-0.0618311,-28.24,-6.18,,,,,,,,,,
2087->2630,0,233,231,1,1,2087,2630,-0.187182,0.15646,-18.72,15.65,,,,,,,,,,
2087->2630,0,233,231,1,1,2087,2630,-0.187182,0.15646,-18.72,15.65,,,,,,,,,,
2110->2558,0,234,210,1,1,2110,2558,-1.57483,-0.179724,-157.48,-17.97,,,,,,,,,,
2110->2558,0,234,210,1,1,2110,2558,-1.57483,-0.179724,-157.48,-17.97,,,,,,,,,,
2110->10411,0,234,631,1,1,2110,10411,0.00173678,-0.117876,0.17,-11.79,,,,,,,,,,
2110->10411,0,234,631,1,1,2110,10411,0.00173678,-0.117876,0.17,-11.79,,,,,,,,,,
2637->1083,0,235,166,1,1,2637,1083,0.61302,-0.0727731,61.3,-7.28,,,,,,,,,,
2637->1083,0,235,166,1,1,2637,1083,0.61302,-0.0727731,61.3,-7.28,,,,,,,,,,
2201->8470,0,236,571,1,1,2201,8470,0.531897,-0.117414,53.19,-11.74,,,,,,,,,,
2201->6842,0,236,521,1,1,2201,6842,6.29E-06,-0.0328331,0,-3.28,,,,,,,,,,
2201->467,0,236,131,1,1,2201,467,0.200507,0.846246,20.05,84.62,,,,,,,,,,
2201->467,0,236,131,1,1,2201,467,0.200507,0.846246,20.05,84.62,,,,,,,,,,
2414->931,0,237,238,1,1,2414,931,0.627674,0.000440961,62.77,0.04,,,,,,,,,,
931->2743,0,238,267,1,1,931,2743,0.944343,-0.00188536,94.43,-0.19,,,,,,,,,,
2935->1184,0,239,108,1,1,2935,1184,3.5677,-0.562381,356.77,-56.24,,,,,,,,,,
2935->1184,0,239,108,1,1,2935,1184,3.5677,-0.562381,356.77,-56.24,,,,,,,,,,
2935->995,0,239,185,1,1,2935,995,-15.7704,1.46327,-1577.04,146.33,,,,,,,,,,
2935->995,0,239,185,1,1,2935,995,-15.7704,1.46327,-1577.04,146.33,,,,,,,,,,
2935->995,0,239,185,1,1,2935,995,-15.7704,1.46327,-1577.04,146.33,,,,,,,,,,
2935->995,0,239,185,1,1,2935,995,-15.7704,1.46327,-1577.04,146.33,,,,,,,,,,
1987->2286,0,240,4,1,1,1987,2286,3.99594,0.970606,399.59,97.06,,,,,,,,,,
3003->420,0,241,630,1,1,3003,420,9.01494,-2.12112,901.49,-212.11,,,,,,,,,,
3003->420,0,241,630,1,1,3003,420,9.01494,-2.12112,901.49,-212.11,,,,,,,,,,
3003->4916,0,241,423,1,1,3003,4916,-0.282271,-0.576458,-28.23,-57.65,,,,,,,,,,
3003->4916,0,241,423,1,1,3003,4916,-0.282271,-0.576458,-28.23,-57.65,,,,,,,,,,
3003->685,0,241,224,1,1,3003,685,-13.2491,3.39824,-1324.91,339.82,,,,,,,,,,
3003->685,0,241,224,1,1,3003,685,-13.2491,3.39824,-1324.91,339.82,,,,,,,,,,
1494->777,0,242,88,1,1,1494,777,-3.10635,-1.32741,-310.64,-132.74,,,,,,,,,,
2419->2389,0,244,225,1,1,2419,2389,6.02385,1.38682,602.39,138.68,,,,,,,,,,
3166->8316,0,245,568,1,1,3166,8316,0.25399,-0.0323446,25.4,-3.23,,,,,,,,,,
3166->3005,0,245,246,1,1,3166,3005,-1.10035,-0.113607,-110.04,-11.36,,,,,,,,,,
3166->3005,0,245,246,1,1,3166,3005,-1.10035,-0.113607,-110.04,-11.36,,,,,,,,,,
3005->2728,0,246,282,1,1,3005,2728,1.67172,-0.222871,167.17,-22.29,,,,,,,,,,
3005->2728,0,246,282,1,1,3005,2728,1.67172,-0.222871,167.17,-22.29,,,,,,,,,,
3005->8310,0,246,565,1,1,3005,8310,-0.000634763,-0.0910336,-0.06,-9.1,,,,,,,,,,
3005->7286,0,246,540,1,1,3005,7286,0.730707,-0.0537741,73.07,-5.38,,,,,,,,,,
2452->600,0,247,56,1,1,2452,600,-0.792884,0.434472,-79.29,43.45,,,,,,,,,,
2452->5752,0,247,470,1,1,2452,5752,0.78185,-0.287019,78.19,-28.7,,,,,,,,,,
2838->687,0,249,30,1,1,2838,687,-0.524979,-0.0711154,-52.5,-7.11,,,,,,,,,,
2838->687,0,249,30,1,1,2838,687,-0.524979,-0.0711154,-52.5,-7.11,,,,,,,,,,
2469->10917,0,250,325,1,1,2469,10917,0.988061,-0.0075075,98.81,-0.75,,,,,,,,,,
2469->1832,0,250,251,1,1,2469,1832,-3.18618,0.328487,-318.62,32.85,,,,,,,,,,
2469->1832,0,250,251,1,1,2469,1832,-3.18618,0.328487,-318.62,32.85,,,,,,,,,,
1832->3174,0,251,326,1,1,1832,3174,0.653579,-0.233257,65.36,-23.33,,,,,,,,,,
1832->8897,0,251,591,1,1,1832,8897,-1.18944,0.20361,-118.94,20.36,,,,,,,,,,
1832->8897,0,251,591,1,1,1832,8897,-1.18944,0.20361,-118.94,20.36,,,,,,,,,,
2489->2735,0,252,264,1,1,2489,2735,0.398184,0.147688,39.82,14.77,,,,,,,,,,
2489->1520,0,252,98,1,1,2489,1520,-1.33759,-0.362784,-133.76,-36.28,,,,,,,,,,
2489->1520,0,252,98,1,1,2489,1520,-1.33759,-0.362784,-133.76,-36.28,,,,,,,,,,
2422->2764,0,253,271,1,1,2422,2764,0.294863,0.123469,29.49,12.35,,,,,,,,,,
2422->1725,0,253,1,1,1,2422,1725,-4.6879,-0.512445,-468.79,-51.24,,,,,,,,,,
2422->1725,0,253,1,1,1,2422,1725,-4.6879,-0.512445,-468.79,-51.24,,,,,,,,,,
1669->3005,0,254,246,1,1,1669,3005,-1.00977,-0.149877,-100.98,-14.99,,,,,,,,,,
1669->3005,0,254,246,1,1,1669,3005,-1.00977,-0.149877,-100.98,-14.99,,,,,,,,,,
481->2690,0,255,256,1,1,481,2690,0.251917,-0.100527,25.19,-10.05,,,,,,,,,,
2690->3406,0,256,324,1,1,2690,3406,0.107913,-0.334948,10.79,-33.49,,,,,,,,,,
10909->10914,0,257,258,1,1,10909,10914,-0.399269,0.0519623,-39.93,5.2,,,,,,,,,,
2683->2382,0,259,219,1,1,2683,2382,-1.29608,0.281599,-129.61,28.16,,,,,,,,,,
1854->2750,0,260,261,1,1,1854,2750,-0.00448236,-0.0551429,-0.45,-5.51,,,,,,,,,,
1854->10235,0,260,621,1,1,1854,10235,-0.0381554,0.112312,-3.82,11.23,,,,,,,,,,
1854->10235,0,260,621,1,1,1854,10235,-0.0381554,0.112312,-3.82,11.23,,,,,,,,,,
2676->588,0,262,265,1,1,2676,588,1.45501,0.294807,145.5,29.48,,,,,,,,,,
2676->588,0,262,265,1,1,2676,588,1.45501,0.294807,145.5,29.48,,,,,,,,,,
2669->2889,0,263,192,1,1,2669,2889,-0.949462,0.0215702,-94.95,2.16,,,,,,,,,,
2669->2889,0,263,192,1,1,2669,2889,-0.949462,0.0215702,-94.95,2.16,,,,,,,,,,
588->6138,0,265,475,1,1,588,6138,0.261314,0.453071,26.13,45.31,,,,,,,,,,
588->6138,0,265,475,1,1,588,6138,0.261314,0.453071,26.13,45.31,,,,,,,,,,
588->8489,0,265,572,1,1,588,8489,0.202588,-0.190099,20.26,-19.01,,,,,,,,,,
588->8489,0,265,572,1,1,588,8489,0.202588,-0.190099,20.26,-19.01,,,,,,,,,,
2743->3885,0,267,372,1,1,2743,3885,0.106216,-0.138983,10.62,-13.9,,,,,,,,,,
2743->3885,0,267,372,1,1,2743,3885,0.106216,-0.138983,10.62,-13.9,,,,,,,,,,
2426->3698,0,268,350,1,1,2426,3698,2.55508,-0.121857,255.51,-12.19,,,,,,,,,,
2426->3698,0,268,350,1,1,2426,3698,2.55508,-0.121857,255.51,-12.19,,,,,,,,,,
2426->520,0,268,132,1,1,2426,520,2.24556,-0.213143,224.56,-21.31,,,,,,,,,,
2426->520,0,268,132,1,1,2426,520,2.24556,-0.213143,224.56,-21.31,,,,,,,,,,
2426->2452,0,268,247,1,1,2426,2452,0.557634,0.273815,55.76,27.38,,,,,,,,,,
2426->2452,0,268,247,1,1,2426,2452,0.557634,0.273815,55.76,27.38,,,,,,,,,,
2426->5128,0,268,448,1,1,2426,5128,0.0384026,0.00852105,3.84,0.85,,,,,,,,,,
2426->1039,0,268,55,1,1,2426,1039,-0.356304,0.23112,-35.63,23.11,,,,,,,,,,
2426->1767,0,268,28,1,1,2426,1767,-0.649177,0.413315,-64.92,41.33,,,,,,,,,,
2549->795,0,269,270,1,1,2549,795,-0.752928,0.752626,-75.29,75.26,,,,,,,,,,
2549->795,0,269,270,1,1,2549,795,-0.752928,0.752626,-75.29,75.26,,,,,,,,,,
3040->3687,0,273,346,1,1,3040,3687,1.30931,-0.281102,130.93,-28.11,,,,,,,,,,
3040->3687,0,273,346,1,1,3040,3687,1.30931,-0.281102,130.93,-28.11,,,,,,,,,,
2721->5002,0,275,438,1,1,2721,5002,0.925246,-0.172763,92.52,-17.28,,,,,,,,,,
2721->5002,0,275,438,1,1,2721,5002,0.925246,-0.172763,92.52,-17.28,,,,,,,,,,
2699->10903,0,277,309,1,1,2699,10903,1.10131,0.0154559,110.13,1.55,,,,,,,,,,
2699->10903,0,277,309,1,1,2699,10903,1.10131,0.0154559,110.13,1.55,,,,,,,,,,
2699->1645,0,277,107,1,1,2699,1645,1.73314,-0.493176,173.31,-49.32,,,,,,,,,,
2699->1645,0,277,107,1,1,2699,1645,1.73314,-0.493176,173.31,-49.32,,,,,,,,,,
2699->1645,0,277,107,1,1,2699,1645,1.73314,-0.493176,173.31,-49.32,,,,,,,,,,
2699->2567,0,277,214,1,1,2699,2567,1.20143,-0.011813,120.14,-1.18,,,,,,,,,,
2699->2567,0,277,214,1,1,2699,2567,1.20143,-0.011813,120.14,-1.18,,,,,,,,,,
2699->4946,0,277,427,1,1,2699,4946,1.53616,0.0637385,153.62,6.37,,,,,,,,,,
2699->4946,0,277,427,1,1,2699,4946,1.53616,0.0637385,153.62,6.37,,,,,,,,,,
1946->2655,0,278,279,1,1,1946,2655,0.564007,-0.0646266,56.4,-6.46,,,,,,,,,,
1946->2655,0,278,279,1,1,1946,2655,0.564007,-0.0646266,56.4,-6.46,,,,,,,,,,
2508->2750,0,280,261,1,1,2508,2750,0.21175,-0.20664,21.18,-20.66,,,,,,,,,,
2508->2750,0,280,261,1,1,2508,2750,0.21175,-0.20664,21.18,-20.66,,,,,,,,,,
2508->5133,0,280,447,1,1,2508,5133,-1.75045,0.465986,-175.05,46.6,,,,,,,,,,
2508->1854,0,280,260,1,1,2508,1854,0.146956,-0.0842255,14.7,-8.42,,,,,,,,,,
2508->3610,0,280,340,1,1,2508,3610,0.606894,0.0801535,60.69,8.02,,,,,,,,,,
2508->3610,0,280,340,1,1,2508,3610,0.606894,0.0801535,60.69,8.02,,,,,,,,,,
2508->2087,0,280,233,1,1,2508,2087,-1.10187,0.263402,-110.19,26.34,,,,,,,,,,
2508->2087,0,280,233,1,1,2508,2087,-1.10187,0.263402,-110.19,26.34,,,,,,,,,,
2508->2087,0,280,233,1,1,2508,2087,-1.10187,0.263402,-110.19,26.34,,,,,,,,,,
3037->3885,0,281,372,1,1,3037,3885,0.724795,-0.0293306,72.48,-2.93,,,,,,,,,,
2728->4075,0,282,397,1,1,2728,4075,0.957694,-0.203187,95.77,-20.32,,,,,,,,,,
837->777,0,283,88,1,1,837,777,0.713346,0.122895,71.33,12.29,,,,,,,,,,
3066->1102,0,284,154,1,1,3066,1102,1.52314,-0.042733,152.31,-4.27,,,,,,,,,,
3081->548,0,285,77,1,1,3081,548,3.31917,-1.58204,331.92,-158.2,,,,,,,,,,
3081->548,0,285,77,1,1,3081,548,3.31917,-1.58204,331.92,-158.2,,,,,,,,,,
3089->3202,0,286,287,1,1,3089,3202,0.349475,0.000641342,34.95,0.06,,,,,,,,,,
3089->1264,0,286,72,1,1,3089,1264,-0.2857,-0.030092,-28.57,-3.01,,,,,,,,,,
3078->1102,0,288,154,1,1,3078,1102,0.238189,-0.0821678,23.82,-8.22,,,,,,,,,,
891->8801,0,289,590,1,1,891,8801,1.33466,0.580088,133.47,58.01,,,,,,,,,,
891->8801,0,289,590,1,1,891,8801,1.33466,0.580088,133.47,58.01,,,,,,,,,,
2896->891,0,290,289,1,1,2896,891,-1.49579,-0.156792,-149.58,-15.68,,,,,,,,,,
2896->891,0,290,289,1,1,2896,891,-1.49579,-0.156792,-149.58,-15.68,,,,,,,,,,
3262->2225,0,291,308,1,1,3262,2225,0.227549,0.0996645,22.75,9.97,,,,,,,,,,
3262->3258,0,291,292,1,1,3262,3258,-0.121609,-0.0636811,-12.16,-6.37,,,,,,,,,,
2133->3281,0,293,294,1,1,2133,3281,-0.30527,0.0726837,-30.53,7.27,,,,,,,,,,
3292->556,0,295,296,1,1,3292,556,0.0670962,0.0224722,6.71,2.25,,,,,,,,,,
3255->2348,0,297,298,1,1,3255,2348,0.1,0.0260209,10,2.6,,,,,,,,,,
3288->1886,0,299,300,1,1,3288,1886,0.0169016,0.0104802,1.69,1.05,,,,,,,,,,
838->3294,0,301,302,1,1,838,3294,-0.169835,-0.0631201,-16.98,-6.31,,,,,,,,,,
3265->559,0,303,304,1,1,3265,559,0.0112714,0.0167292,1.13,1.67,,,,,,,,,,
3290->2358,0,305,306,1,1,3290,2358,0.054309,0.00697995,5.43,0.7,,,,,,,,,,
3341->1987,0,310,240,1,1,3341,1987,3.37117,-4.17081,337.12,-417.08,,,,,,,,,,
3341->1987,0,310,240,1,1,3341,1987,3.37117,-4.17081,337.12,-417.08,,,,,,,,,,
3346->1173,0,311,73,1,1,3346,1173,0.387168,-0.100003,38.72,-10,,,,,,,,,,
3339->1885,0,312,313,1,1,3339,1885,-0.12629,-0.0638626,-12.63,-6.39,,,,,,,,,,
3339->2683,0,312,259,1,1,3339,2683,0.382218,0.069028,38.22,6.9,,,,,,,,,,
1058->2599,0,314,226,1,1,1058,2599,0.438268,0.236096,43.83,23.61,,,,,,,,,,
1892->3399,0,315,323,1,1,1892,3399,0.0668175,-0.153717,6.68,-15.37,,,,,,,,,,
1892->2599,0,315,226,1,1,1892,2599,-0.0717288,0.155323,-7.17,15.53,,,,,,,,,,
2940->10930,0,316,474,1,1,2940,10930,0.677384,-0.23739,67.74,-23.74,,,,,,,,,,
2940->7311,0,316,544,1,1,2940,7311,1.63675,-0.380604,163.68,-38.06,,,,,,,,,,
2940->7311,0,316,544,1,1,2940,7311,1.63675,-0.380604,163.68,-38.06,,,,,,,,,,
2940->4054,0,316,395,1,1,2940,4054,4.1904,0.283964,419.04,28.4,,,,,,,,,,
2940->4054,0,316,395,1,1,2940,4054,4.1904,0.283964,419.04,28.4,,,,,,,,,,
2940->6116,0,316,473,1,1,2940,6116,0.658458,-0.2412,65.85,-24.12,,,,,,,,,,
3350->3227,0,317,78,1,1,3350,3227,0.642412,0.0815774,64.24,8.16,,,,,,,,,,
849->5288,0,318,456,1,1,849,5288,0.105027,0.117698,10.5,11.77,,,,,,,,,,
849->5288,0,318,456,1,1,849,5288,0.105027,0.117698,10.5,11.77,,,,,,,,,,
830->9118,0,319,595,1,1,830,9118,-0.311307,0.191805,-31.13,19.18,,,,,,,,,,
830->436,0,319,175,1,1,830,436,-0.669845,0.141941,-66.98,14.19,,,,,,,,,,
10919->2024,0,322,188,1,1,10919,2024,0.417248,0.0872759,41.72,8.73,,,,,,,,,,
3406->459,0,324,118,1,1,3406,459,-1.05544,-0.196198,-105.54,-19.62,,,,,,,,,,
3406->459,0,324,118,1,1,3406,459,-1.05544,-0.196198,-105.54,-19.62,,,,,,,,,,
3419->3751,0,327,357,1,1,3419,3751,3.96358,-1.59064,396.36,-159.06,,,,,,,,,,
3419->3751,0,327,357,1,1,3419,3751,3.96358,-1.59064,396.36,-159.06,,,,,,,,,,
3433->3488,0,328,329,1,1,3433,3488,-1.13339,-5.47436,-113.34,-547.44,,,,,,,,,,
3433->3488,0,328,329,1,1,3433,3488,-1.13339,-5.47436,-113.34,-547.44,,,,,,,,,,
3488->1987,0,329,240,1,1,3488,1987,5.56998,-6.22689,557,-622.69,,,,,,,,,,
3488->1987,0,329,240,1,1,3488,1987,5.56998,-6.22689,557,-622.69,,,,,,,,,,
3533->2452,0,330,247,1,1,3533,2452,0.501494,-0.0803439,50.15,-8.03,,,,,,,,,,
3537->1230,0,331,148,1,1,3537,1230,4.21736,-2.50811,421.74,-250.81,,,,,,,,,,
3537->1230,0,331,148,1,1,3537,1230,4.21736,-2.50811,421.74,-250.81,,,,,,,,,,
3578->3537,0,332,331,1,1,3578,3537,1.4822,0.129626,148.22,12.96,,,,,,,,,,
3584->938,0,333,334,1,1,3584,938,0.280558,0.0410323,28.06,4.1,,,,,,,,,,
3588->10697,0,335,642,1,1,3588,10697,-0.0172757,-0.055379,-1.73,-5.54,,,,,,,,,,
3588->924,0,335,336,1,1,3588,924,0.842388,0.0859389,84.24,8.59,,,,,,,,,,
3588->924,0,335,336,1,1,3588,924,0.842388,0.0859389,84.24,8.59,,,,,,,,,,
3588->7304,0,335,543,1,1,3588,7304,-0.310525,-0.120195,-31.05,-12.02,,,,,,,,,,
2766->5278,0,337,466,1,1,2766,5278,0.864489,0.060341,86.45,6.03,,,,,,,,,,
2766->10949,0,337,640,1,1,2766,10949,-0.00194871,-0.0715265,-0.19,-7.15,,,,,,,,,,
2766->580,0,337,27,1,1,2766,580,-0.600035,0.0497142,-60,4.97,,,,,,,,,,
2766->580,0,337,27,1,1,2766,580,-0.600035,0.0497142,-60,4.97,,,,,,,,,,
2766->10699,0,337,643,1,1,2766,10699,0.000360113,-0.0455838,0.04,-4.56,,,,,,,,,,
2766->3588,0,337,335,1,1,2766,3588,0.914353,0.0563315,91.44,5.63,,,,,,,,,,
2766->3588,0,337,335,1,1,2766,3588,0.914353,0.0563315,91.44,5.63,,,,,,,,,,
2766->2146,0,337,26,1,1,2766,2146,0.16222,0.600228,16.22,60.02,,,,,,,,,,
2766->2146,0,337,26,1,1,2766,2146,0.16222,0.600228,16.22,60.02,,,,,,,,,,
3595->10912,0,338,339,1,1,3595,10912,-0.391457,-0.0337091,-39.15,-3.37,,,,,,,,,,
10912->4101,0,339,403,1,1,10912,4101,-0.729193,0.0322659,-72.92,3.23,,,,,,,,,,
3680->2183,0,344,345,1,1,3680,2183,0.238939,-0.0840716,23.89,-8.41,,,,,,,,,,
3687->2213,0,346,66,1,1,3687,2213,0.670172,-0.275615,67.02,-27.56,,,,,,,,,,
3648->2201,0,347,236,1,1,3648,2201,1.12795,0.61993,112.8,61.99,,,,,,,,,,
3648->2201,0,347,236,1,1,3648,2201,1.12795,0.61993,112.8,61.99,,,,,,,,,,
3648->3680,0,347,344,1,1,3648,3680,0.590375,0.419555,59.04,41.96,,,,,,,,,,
3648->3680,0,347,344,1,1,3648,3680,0.590375,0.419555,59.04,41.96,,,,,,,,,,
3648->1875,0,347,348,1,1,3648,1875,1.20579,0.0921084,120.58,9.21,,,,,,,,,,
3648->1875,0,347,348,1,1,3648,1875,1.20579,0.0921084,120.58,9.21,,,,,,,,,,
3648->2183,0,347,345,1,1,3648,2183,1.17023,0.121828,117.02,12.18,,,,,,,,,,
3648->2183,0,347,345,1,1,3648,2183,1.17023,0.121828,117.02,12.18,,,,,,,,,,
1875->8470,0,348,571,1,1,1875,8470,-0.0709467,0.135899,-7.09,13.59,,,,,,,,,,
1875->6848,0,348,552,1,1,1875,6848,-0.00130055,-0.016151,-0.13,-1.62,,,,,,,,,,
3694->2378,0,349,227,1,1,3694,2378,0.34578,0.0348035,34.58,3.48,,,,,,,,,,
3698->818,0,350,139,1,1,3698,818,3.07904,-0.314572,307.9,-31.46,,,,,,,,,,
3698->818,0,350,139,1,1,3698,818,3.07904,-0.314572,307.9,-31.46,,,,,,,,,,
3705->4094,0,351,400,1,1,3705,4094,1.58725,-0.111381,158.73,-11.14,,,,,,,,,,
3705->4094,0,351,400,1,1,3705,4094,1.58725,-0.111381,158.73,-11.14,,,,,,,,,,
3705->10741,0,351,645,1,1,3705,10741,0.135628,-0.0307578,13.56,-3.08,,,,,,,,,,
3712->1297,0,352,217,1,1,3712,1297,0.474847,-0.0729211,47.48,-7.29,,,,,,,,,,
1817->3712,0,353,352,1,1,1817,3712,0.312544,-0.0385136,31.25,-3.85,,,,,,,,,,
3715->1221,0,354,149,1,1,3715,1221,2.09503,-0.0642057,209.5,-6.42,,,,,,,,,,
3715->1221,0,354,149,1,1,3715,1221,2.09503,-0.0642057,209.5,-6.42,,,,,,,,,,
3725->531,0,355,120,1,1,3725,531,0.264746,0.0452872,26.47,4.53,,,,,,,,,,
3728->1157,0,356,67,1,1,3728,1157,0.0163241,0.00698911,1.63,0.7,,,,,,,,,,
3728->1157,0,356,67,1,1,3728,1157,0.0163241,0.00698911,1.63,0.7,,,,,,,,,,
3751->10249,0,357,622,1,1,3751,10249,0.554042,0.00840767,55.4,0.84,,,,,,,,,,
3751->10249,0,357,622,1,1,3751,10249,0.554042,0.00840767,55.4,0.84,,,,,,,,,,
3751->795,0,357,270,1,1,3751,795,0.838137,-1.56088,83.81,-156.09,,,,,,,,,,
3751->795,0,357,270,1,1,3751,795,0.838137,-1.56088,83.81,-156.09,,,,,,,,,,
2588->3760,0,358,359,1,1,2588,3760,9.0752,-2.08145,907.52,-208.15,,,,,,,,,,
2588->3760,0,358,359,1,1,2588,3760,9.0752,-2.08145,907.52,-208.15,,,,,,,,,,
2588->1603,0,358,119,1,1,2588,1603,11.5425,-2.29007,1154.25,-229.01,,,,,,,,,,
2588->1603,0,358,119,1,1,2588,1603,11.5425,-2.29007,1154.25,-229.01,,,,,,,,,,
3760->6789,0,359,514,1,1,3760,6789,-0.110017,0.000410762,-11,0.04,,,,,,,,,,
3760->6789,0,359,514,1,1,3760,6789,-0.110017,0.000410762,-11,0.04,,,,,,,,,,
3760->1603,0,359,119,1,1,3760,1603,11.3683,-2.11681,1136.83,-211.68,,,,,,,,,,
3760->1603,0,359,119,1,1,3760,1603,11.3683,-2.11681,1136.83,-211.68,,,,,,,,,,
3413->3760,0,360,359,1,1,3413,3760,2.19411,-0.38892,219.41,-38.89,,,,,,,,,,
3787->2721,0,361,275,1,1,3787,2721,0.172348,0.0167572,17.23,1.68,,,,,,,,,,
3790->2415,0,362,363,1,1,3790,2415,0.0390741,0.0263605,3.91,2.64,,,,,,,,,,
3793->2496,0,364,8,1,1,3793,2496,9.66006,-2.90888,966.01,-290.89,,,,,,,,,,
3793->2496,0,364,8,1,1,3793,2496,9.66006,-2.90888,966.01,-290.89,,,,,,,,,,
3827->3378,0,365,115,1,1,3827,3378,0.99763,-0.662213,99.76,-66.22,,,,,,,,,,
3827->3378,0,365,115,1,1,3827,3378,0.99763,-0.662213,99.76,-66.22,,,,,,,,,,
3875->1456,0,368,41,1,1,3875,1456,-0.0617646,-0.229514,-6.18,-22.95,,,,,,,,,,
3875->1456,0,368,41,1,1,3875,1456,-0.0617646,-0.229514,-6.18,-22.95,,,,,,,,,,
3841->6843,0,369,467,1,1,3841,6843,-0.013053,-0.0484616,-1.31,-4.85,,,,,,,,,,
3841->3392,0,369,370,1,1,3841,3392,3.67308,0.0414336,367.31,4.14,,,,,,,,,,
3841->3392,0,369,370,1,1,3841,3392,3.67308,0.0414336,367.31,4.14,,,,,,,,,,
3841->2168,0,369,129,1,1,3841,2168,2.08838,0.476472,208.84,47.65,,,,,,,,,,
3841->2168,0,369,129,1,1,3841,2168,2.08838,0.476472,208.84,47.65,,,,,,,,,,
3841->5320,0,369,465,1,1,3841,5320,0.832191,0.0447966,83.22,4.48,,,,,,,,,,
3841->5320,0,369,465,1,1,3841,5320,0.832191,0.0447966,83.22,4.48,,,,,,,,,,
3841->849,0,369,318,1,1,3841,849,1.41985,-0.200504,141.99,-20.05,,,,,,,,,,
3841->849,0,369,318,1,1,3841,849,1.41985,-0.200504,141.99,-20.05,,,,,,,,,,
3392->5288,0,370,456,1,1,3392,5288,2.04142,-0.064857,204.14,-6.49,,,,,,,,,,
3392->5288,0,370,456,1,1,3392,5288,2.04142,-0.064857,204.14,-6.49,,,,,,,,,,
3882->1637,0,371,48,1,1,3882,1637,0.546997,-0.180149,54.7,-18.01,,,,,,,,,,
3885->1233,0,372,59,1,1,3885,1233,0.82969,-0.0474405,82.97,-4.74,,,,,,,,,,
3885->1233,0,372,59,1,1,3885,1233,0.82969,-0.0474405,82.97,-4.74,,,,,,,,,,
3885->1233,0,372,59,1,1,3885,1233,0.82969,-0.0474405,82.97,-4.74,,,,,,,,,,
3886->2599,0,373,226,1,1,3886,2599,0.143061,-0.126815,14.31,-12.68,,,,,,,,,,
3886->2599,0,373,226,1,1,3886,2599,0.143061,-0.126815,14.31,-12.68,,,,,,,,,,
3894->1959,0,374,54,1,1,3894,1959,-0.648797,-0.309544,-64.88,-30.95,,,,,,,,,,
3894->6847,0,374,524,1,1,3894,6847,-0.0739411,-0.0616249,-7.39,-6.16,,,,,,,,,,
2132->3894,0,375,374,1,1,2132,3894,0.501733,-0.115023,50.17,-11.5,,,,,,,,,,
3902->3798,0,377,378,1,1,3902,3798,0.191926,-0.0829035,19.19,-8.29,,,,,,,,,,
3798->6131,0,378,481,1,1,3798,6131,-2.83665,0.590684,-283.67,59.07,,,,,,,,,,
3798->9899,0,378,606,1,1,3798,9899,-0.0374734,0.0019959,-3.75,0.2,,,,,,,,,,
3904->3798,0,379,378,1,1,3904,3798,0.172894,0.042842,17.29,4.28,,,,,,,,,,
3918->6663,0,380,490,1,1,3918,6663,0.0764453,0.0333998,7.64,3.34,,,,,,,,,,
3918->3912,0,380,381,1,1,3918,3912,0.0306517,-0.0683735,3.07,-6.84,,,,,,,,,,
3912->3902,0,381,377,1,1,3912,3902,0.14588,-0.0982471,14.59,-9.82,,,,,,,,,,
3920->3067,0,382,383,1,1,3920,3067,0.108182,0.00138927,10.82,0.14,,,,,,,,,,
3930->2764,0,385,271,1,1,3930,2764,1.04766,-1.21912,104.77,-121.91,,,,,,,,,,
3955->10907,0,386,387,1,1,3955,10907,5.25183,-1.51121,525.18,-151.12,,,,,,,,,,
3955->10906,0,386,431,1,1,3955,10906,4.86103,-1.4855,486.1,-148.55,,,,,,,,,,
10907->1390,0,387,89,1,1,10907,1390,5.21559,-0.934595,521.56,-93.46,,,,,,,,,,
3989->3955,0,388,386,1,1,3989,3955,1.17926,-1.5127,117.93,-151.27,,,,,,,,,,
3989->3955,0,388,386,1,1,3989,3955,1.17926,-1.5127,117.93,-151.27,,,,,,,,,,
4040->804,0,389,104,1,1,4040,804,-2.72377,0.849782,-272.38,84.98,,,,,,,,,,
4040->804,0,389,104,1,1,4040,804,-2.72377,0.849782,-272.38,84.98,,,,,,,,,,
4047->3931,0,390,391,1,1,4047,3931,1.28864,-0.05659,128.86,-5.66,,,,,,,,,,
4047->3931,0,390,391,1,1,4047,3931,1.28864,-0.05659,128.86,-5.66,,,,,,,,,,
3931->1767,0,391,28,1,1,3931,1767,2.69605,-1.02311,269.61,-102.31,,,,,,,,,,
3931->1767,0,391,28,1,1,3931,1767,2.69605,-1.02311,269.61,-102.31,,,,,,,,,,
4004->2574,0,392,222,1,1,4004,2574,0.939144,0.350838,93.91,35.08,,,,,,,,,,
4004->2574,0,392,222,1,1,4004,2574,0.939144,0.350838,93.91,35.08,,,,,,,,,,
4004->5314,0,392,463,1,1,4004,5314,0.543608,0.0958137,54.36,9.58,,,,,,,,,,
4004->5314,0,392,463,1,1,4004,5314,0.543608,0.0958137,54.36,9.58,,,,,,,,,,
3437->1456,0,393,41,1,1,3437,1456,3.47038,0.768423,347.04,76.84,,,,,,,,,,
3437->1456,0,393,41,1,1,3437,1456,3.47038,0.768423,347.04,76.84,,,,,,,,,,
3437->4040,0,393,389,1,1,3437,4040,-0.974111,0.758325,-97.41,75.83,,,,,,,,,,
3437->4040,0,393,389,1,1,3437,4040,-0.974111,0.758325,-97.41,75.83,,,,,,,,,,
3437->6846,0,393,522,1,1,3437,6846,0.00131915,-0.0286795,0.13,-2.87,,,,,,,,,,
4054->3426,0,395,62,1,1,4054,3426,2.53775,0.381139,253.78,38.11,,,,,,,,,,
4054->3426,0,395,62,1,1,4054,3426,2.53775,0.381139,253.78,38.11,,,,,,,,,,
4054->4805,0,395,526,1,1,4054,4805,0.00446627,-0.113309,0.45,-11.33,,,,,,,,,,
4075->4068,0,397,398,1,1,4075,4068,0.60813,-0.0361181,60.81,-3.61,,,,,,,,,,
4075->4068,0,397,398,1,1,4075,4068,0.60813,-0.0361181,60.81,-3.61,,,,,,,,,,
2153->10923,0,401,404,1,1,2153,10923,-0.192388,-0.0195667,-19.24,-1.96,,,,,,,,,,
2153->1278,0,401,402,1,1,2153,1278,-0.0910459,-0.230673,-9.1,-23.07,,,,,,,,,,
2153->1278,0,401,402,1,1,2153,1278,-0.0910459,-0.230673,-9.1,-23.07,,,,,,,,,,
1278->10235,0,402,621,1,1,1278,10235,-0.107673,-0.356613,-10.77,-35.66,,,,,,,,,,
1278->10235,0,402,621,1,1,1278,10235,-0.107673,-0.356613,-10.77,-35.66,,,,,,,,,,
4117->4112,0,405,406,1,1,4117,4112,0.254233,0.00260707,25.42,0.26,,,,,,,,,,
4111->4047,0,407,390,1,1,4111,4047,0.610287,-0.0281157,61.03,-2.81,,,,,,,,,,
35->366,0,408,409,1,1,35,366,0.639803,2.77559,63.98,277.56,,,,,,,,,,
35->2,0,408,5,1,1,35,2,-11.3414,-5.85511,-1134.14,-585.51,,,,,,,,,,
35->2,0,408,5,1,1,35,2,-11.3414,-5.85511,-1134.14,-585.51,,,,,,,,,,
36->367,0,410,411,1,1,36,367,0.754828,2.76499,75.48,276.5,,,,,,,,,,
36->2,0,410,5,1,1,36,2,-11.4568,-5.83876,-1145.68,-583.88,,,,,,,,,,
36->2,0,410,5,1,1,36,2,-11.4568,-5.83876,-1145.68,-583.88,,,,,,,,,,
4300->1782,0,412,413,1,1,4300,1782,0.0502895,0.0127328,5.03,1.27,,,,,,,,,,
4302->1782,0,414,413,1,1,4302,1782,0.00316306,9.89E-06,0.32,0,,,,,,,,,,
4301->1782,0,415,413,1,1,4301,1782,0.0364053,0.00330724,3.64,0.33,,,,,,,,,,
4846->2087,0,417,233,1,1,4846,2087,0.754857,-0.233999,75.49,-23.4,,,,,,,,,,
263->240,0,419,376,1,1,263,240,11.0279,-1.8982,1102.79,-189.82,,,,,,,,,,
263->240,0,419,376,1,1,263,240,11.0279,-1.8982,1102.79,-189.82,,,,,,,,,,
263->1328,0,419,150,1,1,263,1328,7.83779,-0.782379,783.78,-78.24,,,,,,,,,,
263->1328,0,419,150,1,1,263,1328,7.83779,-0.782379,783.78,-78.24,,,,,,,,,,
4899->2743,0,421,267,1,1,4899,2743,0.15073,0.0203706,15.07,2.04,,,,,,,,,,
4906->4101,0,422,403,1,1,4906,4101,0.363576,0.00858372,36.36,0.86,,,,,,,,,,
4921->1588,0,424,18,1,1,4921,1588,1.23961,0.12087,123.96,12.09,,,,,,,,,,
4921->1138,0,424,425,1,1,4921,1138,1.15746,-0.0201662,115.75,-2.02,,,,,,,,,,
4921->1138,0,424,425,1,1,4921,1138,1.15746,-0.0201662,115.75,-2.02,,,,,,,,,,
4921->10242,0,424,623,1,1,4921,10242,1.23135,0.186369,123.14,18.64,,,,,,,,,,
4921->10242,0,424,623,1,1,4921,10242,1.23135,0.186369,123.14,18.64,,,,,,,,,,
4921->722,0,424,181,1,1,4921,722,0.504397,0.262964,50.44,26.3,,,,,,,,,,
1138->10242,0,425,623,1,1,1138,10242,0.231134,0.0719187,23.11,7.19,,,,,,,,,,
1138->8307,0,425,561,1,1,1138,8307,0.0415841,-0.104845,4.16,-10.48,,,,,,,,,,
4944->4916,0,426,423,1,1,4944,4916,3.41195,-1.63266,341.2,-163.27,,,,,,,,,,
4960->4113,0,429,430,1,1,4960,4113,0.0935959,-0.00141945,9.36,-0.14,,,,,,,,,,
10906->1390,0,431,89,1,1,10906,1390,4.82798,-0.768517,482.8,-76.85,,,,,,,,,,
3958->3523,0,432,433,1,1,3958,3523,0.988116,-0.144411,98.81,-14.44,,,,,,,,,,
3958->3523,0,432,433,1,1,3958,3523,0.988116,-0.144411,98.81,-14.44,,,,,,,,,,
3958->3523,0,432,433,1,1,3958,3523,0.988116,-0.144411,98.81,-14.44,,,,,,,,,,
3958->6688,0,432,501,1,1,3958,6688,0.150657,0.233531,15.07,23.35,,,,,,,,,,
3958->6688,0,432,501,1,1,3958,6688,0.150657,0.233531,15.07,23.35,,,,,,,,,,
3958->1467,0,432,92,1,1,3958,1467,0.275534,0.124429,27.55,12.44,,,,,,,,,,
3958->10660,0,432,553,1,1,3958,10660,0.0413934,0.215412,4.14,21.54,,,,,,,,,,
3958->10660,0,432,553,1,1,3958,10660,0.0413934,0.215412,4.14,21.54,,,,,,,,,,
10928->3556,0,434,394,1,1,10928,3556,0.766781,0.139763,76.68,13.98,,,,,,,,,,
4966->3556,0,435,394,1,1,4966,3556,0.0665046,0.0320434,6.65,3.2,,,,,,,,,,
5000->884,0,437,49,1,1,5000,884,0.339597,-0.172641,33.96,-17.26,,,,,,,,,,
5027->2121,0,439,440,1,1,5027,2121,-0.915144,-0.0603134,-91.51,-6.03,,,,,,,,,,
5027->2121,0,439,440,1,1,5027,2121,-0.915144,-0.0603134,-91.51,-6.03,,,,,,,,,,
5034->1230,0,441,148,1,1,5034,1230,-1.49436,-0.865309,-149.44,-86.53,,,,,,,,,,
5034->1230,0,441,148,1,1,5034,1230,-1.49436,-0.865309,-149.44,-86.53,,,,,,,,,,
5062->6881,0,442,532,1,1,5062,6881,-0.264476,-0.0542893,-26.45,-5.43,,,,,,,,,,
5062->8155,0,442,560,1,1,5062,8155,-0.212027,0.146818,-21.2,14.68,,,,,,,,,,
5037->3360,0,443,321,1,1,5037,3360,-1.47088,0.688824,-147.09,68.88,,,,,,,,,,
5037->3360,0,443,321,1,1,5037,3360,-1.47088,0.688824,-147.09,68.88,,,,,,,,,,
5037->2462,0,443,444,1,1,5037,2462,1.77767,0.469284,177.77,46.93,,,,,,,,,,
5037->2462,0,443,444,1,1,5037,2462,1.77767,0.469284,177.77,46.93,,,,,,,,,,
3385->5037,0,445,443,1,1,3385,5037,-1.18683,-0.268967,-118.68,-26.9,,,,,,,,,,
3385->5037,0,445,443,1,1,3385,5037,-1.18683,-0.268967,-118.68,-26.9,,,,,,,,,,
296->240,0,446,376,3,1,296,240,8.04613,-8.12922,804.61,-812.92,,,,,,,,,,
296->240,0,446,376,3,1,296,240,8.04613,-8.12922,804.61,-812.92,,,,,,,,,,
296->240,0,446,376,3,1,296,240,8.04613,-8.12922,804.61,-812.92,,,,,,,,,,
5133->6881,0,447,532,1,1,5133,6881,-0.598382,0.181753,-59.84,18.18,,,,,,,,,,
5140->981,0,449,137,1,1,5140,981,0.24998,0.0276112,25,2.76,,,,,,,,,,
4531->5133,0,450,447,1,1,4531,5133,0.662229,-0.154744,66.22,-15.47,,,,,,,,,,
5151->5178,0,451,452,1,1,5151,5178,-1.02624,-0.278157,-102.62,-27.82,,,,,,,,,,
5151->5178,0,451,452,1,1,5151,5178,-1.02624,-0.278157,-102.62,-27.82,,,,,,,,,,
5143->5151,0,453,451,1,1,5143,5151,1.16861,0.0430963,116.86,4.31,,,,,,,,,,
5196->3556,0,455,394,1,1,5196,3556,0.0414638,0.0820812,4.15,8.21,,,,,,,,,,
5288->1843,0,456,111,1,1,5288,1843,0.612655,0.00733376,61.27,0.73,,,,,,,,,,
5288->1843,0,456,111,1,1,5288,1843,0.612655,0.00733376,61.27,0.73,,,,,,,,,,
5288->6844,0,456,502,1,1,5288,6844,0.000660083,-0.00323171,0.07,-0.32,,,,,,,,,,
5303->5227,0,457,458,1,1,5303,5227,0.567887,-0.0387326,56.79,-3.87,,,,,,,,,,
5303->5227,0,457,458,1,1,5303,5227,0.567887,-0.0387326,56.79,-3.87,,,,,,,,,,
5211->3793,0,459,364,1,1,5211,3793,2.82363,-1.15285,282.36,-115.29,,,,,,,,,,
5211->3793,0,459,364,1,1,5211,3793,2.82363,-1.15285,282.36,-115.29,,,,,,,,,,
5306->5303,0,460,457,1,1,5306,5303,0.568331,-0.0560308,56.83,-5.6,,,,,,,,,,
5310->2802,0,461,206,1,1,5310,2802,2.13213,-0.694345,213.21,-69.43,,,,,,,,,,
5310->4953,0,461,428,1,1,5310,4953,4.70002,-1.10122,470,-110.12,,,,,,,,,,
5310->4953,0,461,428,1,1,5310,4953,4.70002,-1.10122,470,-110.12,,,,,,,,,,
5249->5211,0,462,459,1,1,5249,5211,2.25909,-1.73359,225.91,-173.36,,,,,,,,,,
5249->5211,0,462,459,1,1,5249,5211,2.25909,-1.73359,225.91,-173.36,,,,,,,,,,
5317->3798,0,464,378,1,1,5317,3798,0.439324,0.0966489,43.93,9.66,,,,,,,,,,
5747->5178,0,468,452,1,1,5747,5178,0.100046,0.0607079,10,6.07,,,,,,,,,,
5749->3931,0,469,391,1,1,5749,3931,1.49835,-0.0388485,149.84,-3.88,,,,,,,,,,
5752->2690,0,470,256,1,1,5752,2690,0.453068,-0.127077,45.31,-12.71,,,,,,,,,,
5752->481,0,470,255,1,1,5752,481,0.691432,-0.174859,69.14,-17.49,,,,,,,,,,
5758->2183,0,471,345,1,1,5758,2183,-0.522716,-0.146802,-52.27,-14.68,,,,,,,,,,
5765->1403,0,472,80,1,1,5765,1403,-0.0167942,0.300548,-1.68,30.05,,,,,,,,,,
6138->1645,0,475,107,1,1,6138,1645,-0.245293,0.478698,-24.53,47.87,,,,,,,,,,
6138->1645,0,475,107,1,1,6138,1645,-0.245293,0.478698,-24.53,47.87,,,,,,,,,,
6144->5253,0,476,477,1,1,6144,5253,0.330148,0.154115,33.01,15.41,,,,,,,,,,
6144->5253,0,476,477,1,1,6144,5253,0.330148,0.154115,33.01,15.41,,,,,,,,,,
5253->7272,0,477,539,1,1,5253,7272,-0.869546,-0.243238,-86.95,-24.32,,,,,,,,,,
5253->7272,0,477,539,1,1,5253,7272,-0.869546,-0.243238,-86.95,-24.32,,,,,,,,,,
6153->2066,0,478,215,1,1,6153,2066,0.957748,0.0443816,95.77,4.44,,,,,,,,,,
6166->1843,0,479,111,1,1,6166,1843,-0.885919,0.342949,-88.59,34.29,,,,,,,,,,
6166->1843,0,479,111,1,1,6166,1843,-0.885919,0.342949,-88.59,34.29,,,,,,,,,,
6224->2903,0,480,195,1,1,6224,2903,0.42452,0.0780337,42.45,7.8,,,,,,,,,,
6224->2903,0,480,195,1,1,6224,2903,0.42452,0.0780337,42.45,7.8,,,,,,,,,,
6554->2024,0,482,188,1,1,6554,2024,0.255269,0.206281,25.53,20.63,,,,,,,,,,
6562->2800,0,483,191,1,1,6562,2800,1.12874,0.556283,112.87,55.63,,,,,,,,,,
6562->2800,0,483,191,1,1,6562,2800,1.12874,0.556283,112.87,55.63,,,,,,,,,,
5122->6562,0,484,483,1,1,5122,6562,5.05448,-0.885549,505.45,-88.55,,,,,,,,,,
6563->1946,0,485,278,1,1,6563,1946,1.67344,-0.0792388,167.34,-7.92,,,,,,,,,,
6563->1946,0,485,278,1,1,6563,1946,1.67344,-0.0792388,167.34,-7.92,,,,,,,,,,
6563->5115,0,485,486,1,1,6563,5115,1.4786,-0.181218,147.86,-18.12,,,,,,,,,,
6563->5115,0,485,486,1,1,6563,5115,1.4786,-0.181218,147.86,-18.12,,,,,,,,,,
6563->8748,0,485,584,1,1,6563,8748,0.75559,0.408182,75.56,40.82,,,,,,,,,,
6563->8748,0,485,584,1,1,6563,8748,0.75559,0.408182,75.56,40.82,,,,,,,,,,
6231->972,0,487,232,1,1,6231,972,0.0394093,0.00761002,3.94,0.76,,,,,,,,,,
6589->3078,0,488,288,1,1,6589,3078,0.220853,-0.00546635,22.09,-0.55,,,,,,,,,,
6594->3378,0,489,115,1,1,6594,3378,-0.84729,0.326801,-84.73,32.68,,,,,,,,,,
6594->3378,0,489,115,1,1,6594,3378,-0.84729,0.326801,-84.73,32.68,,,,,,,,,,
6663->6656,0,490,491,1,1,6663,6656,0.0727641,0.0634892,7.28,6.35,,,,,,,,,,
6611->981,0,493,137,1,1,6611,981,0.167332,0.0614053,16.73,6.14,,,,,,,,,,
6617->2599,0,494,226,1,1,6617,2599,0.623726,0.180966,62.37,18.1,,,,,,,,,,
2396->6617,0,495,494,1,1,2396,6617,0.05686,0.0864098,5.69,8.64,,,,,,,,,,
6614->6131,0,496,481,1,1,6614,6131,0.502079,-0.0484293,50.21,-4.84,,,,,,,,,,
6621->2690,0,497,256,1,1,6621,2690,0.150638,-0.130447,15.06,-13.04,,,,,,,,,,
6635->795,0,499,270,1,1,6635,795,1.39316,0.351323,139.32,35.13,,,,,,,,,,
6635->795,0,499,270,1,1,6635,795,1.39316,0.351323,139.32,35.13,,,,,,,,,,
6695->6131,0,503,481,1,1,6695,6131,0.536675,0.0584616,53.67,5.85,,,,,,,,,,
6695->6705,0,503,505,1,1,6695,6705,-0.236739,-0.0326067,-23.67,-3.26,,,,,,,,,,
6695->6702,0,503,504,1,1,6695,6702,-0.16171,0.00110836,-16.17,0.11,,,,,,,,,,
6706->6710,0,506,507,1,1,6706,6710,-0.124425,-0.0189318,-12.44,-1.89,,,,,,,,,,
6670->1343,0,508,159,1,1,6670,1343,4.40369,-0.994061,440.37,-99.41,,,,,,,,,,
6670->1343,0,508,159,1,1,6670,1343,4.40369,-0.994061,440.37,-99.41,,,,,,,,,,
6718->6729,0,509,510,1,1,6718,6729,0.0189282,0.0346283,1.89,3.46,,,,,,,,,,
6718->6729,0,509,510,1,1,6718,6729,0.0189282,0.0346283,1.89,3.46,,,,,,,,,,
6718->6890,0,509,533,1,1,6718,6890,0.187857,0.180845,18.79,18.08,,,,,,,,,,
6713->6734,0,511,512,1,1,6713,6734,-0.0420357,-0.0759049,-4.2,-7.59,,,,,,,,,,
6742->10026,0,513,612,1,1,6742,10026,0.0120306,-0.106327,1.2,-10.63,,,,,,,,,,
6742->6713,0,513,511,1,1,6742,6713,-0.338382,-0.0520963,-33.84,-5.21,,,,,,,,,,
6742->6713,0,513,511,1,1,6742,6713,-0.338382,-0.0520963,-33.84,-5.21,,,,,,,,,,
6742->5253,0,513,477,1,1,6742,5253,0.449374,-0.0849824,44.94,-8.5,,,,,,,,,,
6742->5253,0,513,477,1,1,6742,5253,0.449374,-0.0849824,44.94,-8.5,,,,,,,,,,
6796->6818,0,515,517,1,1,6796,6818,0.149506,-0.217068,14.95,-21.71,,,,,,,,,,
6796->6818,0,515,517,1,1,6796,6818,0.149506,-0.217068,14.95,-21.71,,,,,,,,,,
6796->4851,0,515,516,1,1,6796,4851,-0.260018,0.409792,-26,40.98,,,,,,,,,,
6796->4851,0,515,516,1,1,6796,4851,-0.260018,0.409792,-26,40.98,,,,,,,,,,
4851->8312,0,516,566,1,1,4851,8312,0.0119424,0.0153876,1.19,1.54,,,,,,,,,,
6818->3239,0,517,518,1,1,6818,3239,0.0375487,-0.0245271,3.75,-2.45,,,,,,,,,,
6829->6718,0,527,509,1,1,6829,6718,0.308857,0.0943187,30.89,9.43,,,,,,,,,,
6829->6718,0,527,509,1,1,6829,6718,0.308857,0.0943187,30.89,9.43,,,,,,,,,,
6867->6742,0,528,513,1,1,6867,6742,0.198046,-0.0861809,19.8,-8.62,,,,,,,,,,
6874->6818,0,530,517,1,1,6874,6818,0.167819,0.0779192,16.78,7.79,,,,,,,,,,
6890->6899,0,533,534,1,1,6890,6899,-0.154508,0.126199,-15.45,12.62,,,,,,,,,,
6890->7295,0,533,541,1,1,6890,7295,-0.11099,-0.061934,-11.1,-6.19,,,,,,,,,,
6736->6912,0,536,535,1,1,6736,6912,0.129141,0.0388611,12.91,3.89,,,,,,,,,,
6903->5151,0,537,451,1,1,6903,5151,0.808113,0.420392,80.81,42.04,,,,,,,,,,
6916->5765,0,538,472,1,1,6916,5765,-0.00439654,-0.077612,-0.44,-7.76,,,,,,,,,,
7286->8317,0,540,567,1,1,7286,8317,0.000245141,-0.0363755,0.02,-3.64,,,,,,,,,,
7297->3193,0,542,176,1,1,7297,3193,-1.54714,0.0763689,-154.71,7.64,,,,,,,,,,
7297->3193,0,542,176,1,1,7297,3193,-1.54714,0.0763689,-154.71,7.64,,,,,,,,,,
7304->10698,0,543,641,1,1,7304,10698,-0.00129116,-0.038524,-0.13,-3.85,,,,,,,,,,
7304->10438,0,543,634,1,1,7304,10438,0.0162069,-0.044293,1.62,-4.43,,,,,,,,,,
7321->6131,0,545,481,1,1,7321,6131,1.06968,-0.184176,106.97,-18.42,,,,,,,,,,
7499->7502,0,546,547,1,1,7499,7502,0.183348,0.036445,18.33,3.64,,,,,,,,,,
7502->6617,0,547,494,1,1,7502,6617,0.526994,0.0620016,52.7,6.2,,,,,,,,,,
7625->3793,0,549,364,1,1,7625,3793,1.78119,0.33251,178.12,33.25,,,,,,,,,,
7633->1102,0,550,154,1,1,7633,1102,0.60989,-0.235198,60.99,-23.52,,,,,,,,,,
7641->5151,0,551,451,1,1,7641,5151,0.222431,0.122645,22.24,12.26,,,,,,,,,,
7716->1793,0,554,91,1,1,7716,1793,1.99616,0.272488,199.62,27.25,,,,,,,,,,
7716->1793,0,554,91,1,1,7716,1793,1.99616,0.272488,199.62,27.25,,,,,,,,,,
7716->10660,0,554,553,1,1,7716,10660,-0.0321919,-0.327041,-3.22,-32.7,,,,,,,,,,
7716->10660,0,554,553,1,1,7716,10660,-0.0321919,-0.327041,-3.22,-32.7,,,,,,,,,,
7858->6617,0,555,494,1,1,7858,6617,0.040327,0.000757203,4.03,0.08,,,,,,,,,,
7916->2020,0,556,101,1,1,7916,2020,15.8731,-0.66574,1587.31,-66.57,,,,,,,,,,
7916->2020,0,556,101,1,1,7916,2020,15.8731,-0.66574,1587.31,-66.57,,,,,,,,,,
7923->2637,0,557,235,1,1,7923,2637,0.498134,-0.0888748,49.81,-8.89,,,,,,,,,,
7929->2419,0,558,244,1,1,7929,2419,3.01949,-0.147125,301.95,-14.71,,,,,,,,,,
8143->7272,0,559,539,1,1,8143,7272,0.373325,-0.0430214,37.33,-4.3,,,,,,,,,,
6222->3921,0,562,563,1,1,6222,3921,0.0148694,0.00956723,1.49,0.96,,,,,,,,,,
8145->1505,0,564,122,1,1,8145,1505,1.34928,0.258878,134.93,25.89,,,,,,,,,,
8145->2073,0,564,102,1,1,8145,2073,-0.193981,-0.00875189,-19.4,-0.88,,,,,,,,,,
8145->3672,0,564,343,1,1,8145,3672,-2.70062,-0.598361,-270.06,-59.84,,,,,,,,,,
8145->3672,0,564,343,1,1,8145,3672,-2.70062,-0.598361,-270.06,-59.84,,,,,,,,,,
8318->4004,0,569,392,1,1,8318,4004,0.0914802,0.0979409,9.15,9.79,,,,,,,,,,
8456->6144,0,570,476,1,1,8456,6144,0.257204,-0.0217737,25.72,-2.18,,,,,,,,,,
8489->1072,0,572,575,1,1,8489,1072,1.71418,-0.044183,171.42,-4.42,,,,,,,,,,
8489->1072,0,572,575,1,1,8489,1072,1.71418,-0.044183,171.42,-4.42,,,,,,,,,,
8478->2588,0,573,358,1,1,8478,2588,2.22949,-0.141768,222.95,-14.18,,,,,,,,,,
7723->6688,0,574,501,1,1,7723,6688,0.149951,-0.141122,15,-14.11,,,,,,,,,,
6859->5752,0,576,470,1,1,6859,5752,0.262347,-0.185134,26.23,-18.51,,,,,,,,,,
4813->6860,0,577,578,1,1,4813,6860,0.156197,-0.0278705,15.62,-2.79,,,,,,,,,,
6863->4813,0,579,577,1,1,6863,4813,0.0569559,-0.0347257,5.7,-3.47,,,,,,,,,,
8502->995,0,580,185,1,1,8502,995,-1.64651,0.824541,-164.65,82.45,,,,,,,,,,
8502->995,0,580,185,1,1,8502,995,-1.64651,0.824541,-164.65,82.45,,,,,,,,,,
8502->1603,0,580,119,1,1,8502,1603,-11.7134,0.963697,-1171.34,96.37,,,,,,,,,,
8502->1603,0,580,119,1,1,8502,1603,-11.7134,0.963697,-1171.34,96.37,,,,,,,,,,
8558->2508,0,582,280,1,1,8558,2508,0.183504,-1.27567,18.35,-127.57,,,,,,,,,,
8740->5253,0,583,477,1,1,8740,5253,0.613485,0.0450088,61.35,4.5,,,,,,,,,,
8748->436,0,584,175,1,1,8748,436,0.0213396,0.575094,2.13,57.51,,,,,,,,,,
8757->3798,0,585,378,1,1,8757,3798,1.38918,0.0172982,138.92,1.73,,,,,,,,,,
8764->3672,0,586,343,1,1,8764,3672,2.36487,0.441588,236.49,44.16,,,,,,,,,,
8768->5151,0,587,451,1,1,8768,5151,0.200563,0.0814574,20.06,8.15,,,,,,,,,,
8773->630,0,588,155,1,1,8773,630,-1.81219,1.60712,-181.22,160.71,,,,,,,,,,
8773->630,0,588,155,1,1,8773,630,-1.81219,1.60712,-181.22,160.71,,,,,,,,,,
8808->6131,0,589,481,1,1,8808,6131,0.291536,0.0278098,29.15,2.78,,,,,,,,,,
8897->2549,0,591,269,1,1,8897,2549,1.83448,0.781246,183.45,78.12,,,,,,,,,,
8897->2549,0,591,269,1,1,8897,2549,1.83448,0.781246,183.45,78.12,,,,,,,,,,
8918->8897,0,592,591,1,1,8918,8897,4.48955,0.345983,448.96,34.6,,,,,,,,,,
8918->8897,0,592,591,1,1,8918,8897,4.48955,0.345983,448.96,34.6,,,,,,,,,,
8925->6131,0,593,481,1,1,8925,6131,0.458115,-0.0491205,45.81,-4.91,,,,,,,,,,
9168->8925,0,594,593,1,1,9168,8925,0.214028,0.00300182,21.4,0.3,,,,,,,,,,
9127->3958,0,596,432,1,1,9127,3958,0.352888,-0.0615656,35.29,-6.16,,,,,,,,,,
9112->933,0,597,598,1,1,9112,933,0.0140148,0.0157034,1.4,1.57,,,,,,,,,,
9536->2508,0,599,280,1,1,9536,2508,0.032704,-0.144854,3.27,-14.49,,,,,,,,,,
3073->10928,0,600,434,1,1,3073,10928,0.610217,0.0617304,61.02,6.17,,,,,,,,,,
9904->6899,0,602,534,1,1,9904,6899,0.153015,-0.146709,15.3,-14.67,,,,,,,,,,
9903->6713,0,603,511,1,1,9903,6713,0.40379,0.0637482,40.38,6.37,,,,,,,,,,
9903->6734,0,603,512,1,1,9903,6734,0.188173,0.189616,18.82,18.96,,,,,,,,,,
9627->5178,0,604,452,1,1,9627,5178,0.101067,0.0408959,10.11,4.09,,,,,,,,,,
10021->2588,0,607,358,1,1,10021,2588,8.09765,-0.792344,809.77,-79.23,,,,,,,,,,
10021->2588,0,607,358,1,1,10021,2588,8.09765,-0.792344,809.77,-79.23,,,,,,,,,,
4853->4862,0,608,609,1,1,4853,4862,0.0794813,0.0262794,7.95,2.63,,,,,,,,,,
2309->10030,0,610,611,1,1,2309,10030,1.59357,-0.230763,159.36,-23.08,,,,,,,,,,
10030->1204,0,611,69,1,1,10030,1204,2.28433,-0.42402,228.43,-42.4,,,,,,,,,,
10034->6131,0,613,481,1,1,10034,6131,-0.00183075,0.0753049,-0.18,7.53,,,,,,,,,,
5146->10133,0,614,615,1,1,5146,10133,3.38655,-1.97844,338.66,-197.84,,,,,,,,,,
5146->10133,0,614,615,1,1,5146,10133,3.38655,-1.97844,338.66,-197.84,,,,,,,,,,
10133->2588,0,615,358,1,1,10133,2588,8.39168,-1.54235,839.17,-154.24,,,,,,,,,,
10133->2588,0,615,358,1,1,10133,2588,8.39168,-1.54235,839.17,-154.24,,,,,,,,,,
10138->3886,0,616,373,1,1,10138,3886,0.507572,-0.0887007,50.76,-8.87,,,,,,,,,,
10185->7272,0,617,539,1,1,10185,7272,0.180499,0.0112738,18.05,1.13,,,,,,,,,,
8505->1204,0,618,69,1,1,8505,1204,-3.63335,3.38844,-363.34,338.84,,,,,,,,,,
8505->1204,0,618,69,1,1,8505,1204,-3.63335,3.38844,-363.34,338.84,,,,,,,,,,
8505->2121,0,618,440,1,1,8505,2121,3.73322,0.64615,373.32,64.62,,,,,,,,,,
8505->2121,0,618,440,1,1,8505,2121,3.73322,0.64615,373.32,64.62,,,,,,,,,,
8505->6635,0,618,499,1,1,8505,6635,3.00809,0.284008,300.81,28.4,,,,,,,,,,
8505->6635,0,618,499,1,1,8505,6635,3.00809,0.284008,300.81,28.4,,,,,,,,,,
8505->8918,0,618,592,1,1,8505,8918,5.40182,-0.23788,540.18,-23.79,,,,,,,,,,
8505->8918,0,618,592,1,1,8505,8918,5.40182,-0.23788,540.18,-23.79,,,,,,,,,,
8505->1832,0,618,251,1,1,8505,1832,4.83295,-0.433294,483.3,-43.33,,,,,,,,,,
8505->1832,0,618,251,1,1,8505,1832,4.83295,-0.433294,483.3,-43.33,,,,,,,,,,
10188->8489,0,619,572,1,1,10188,8489,-1.27223,-0.0669682,-127.22,-6.7,,,,,,,,,,
10188->8489,0,619,572,1,1,10188,8489,-1.27223,-0.0669682,-127.22,-6.7,,,,,,,,,,
10242->8309,0,623,624,1,1,10242,8309,-0.0906834,-0.0619523,-9.07,-6.2,,,,,,,,,,
8774->10914,0,625,258,1,1,8774,10914,1.57573,-0.0406094,157.57,-4.06,,,,,,,,,,
8774->1898,0,625,626,1,1,8774,1898,0.236076,-0.258849,23.61,-25.88,,,,,,,,,,
10253->9536,0,627,599,1,1,10253,9536,-0.00749393,-0.0688718,-0.75,-6.89,,,,,,,,,,
10331->1328,0,628,150,1,1,10331,1328,1.68368,-3.31407,168.37,-331.41,,,,,,,,,,
10523->7272,0,635,539,1,1,10523,7272,0.306896,-0.00956279,30.69,-0.96,,,,,,,,,,
10601->8155,0,636,560,1,1,10601,8155,0.0036968,-0.00200577,0.37,-0.2,,,,,,,,,,
10669->10667,0,637,638,1,1,10669,10667,0.00202086,-0.00770648,0.2,-0.77,,,,,,,,,,
10754->7627,0,646,647,1,1,10754,7627,0.793565,-0.0210407,79.36,-2.1,,,,,,,,,,
